client_id,default_probability
CC_0012A082B7B7,0.15903573368531243
CC_0012BC27DFB6,0.126248211818269
CC_001563B2143D,0.12117556918669078
CC_001B46930B6F,0.10324991629460828
CC_001D771E1C9F,0.0508178347361887
CC_0028BD91E759,0.06406323012326577
CC_0029971D7EF4,0.2576356775993412
CC_002B8C00B239,0.043345612700956326
CC_0035DFA86185,0.7731982333660807
CC_0042D11A6D0F,0.05175797015696513
CC_004D21A4ABB6,0.13783237703245102
CC_004EE05FC2EF,0.5577348810052837
CC_0050E546EDCE,0.7465695135571315
CC_005D7F31F785,0.06869128221366044
CC_0079996ED779,0.18974989305200718
CC_0082B4E1D9CE,0.048944591982909784
CC_00B01C73CEB8,0.16063555463553053
CC_00B74FFEEA53,0.2200649243396608
CC_00BF6791C18C,0.11172531926107276
CC_00C5E30B288C,0.3067949093610774
CC_00C68CE1CC12,0.4176171458690455
CC_00CC4148959F,0.16104301858845116
CC_00D428772D30,0.35030345493839676
CC_00D5806C7783,0.09512202856267776
CC_00D5C677C2AE,0.4381024937023351
CC_00DA781C4D66,0.08470478317605523
CC_00E7E2D6B548,0.21712513331070743
CC_012BC0A68DC1,0.07165948607462622
CC_014911033882,0.16165040380780277
CC_014F7EF4E595,0.6614988796268597
CC_016501B25F2B,0.05092447612699108
CC_016767D9B049,0.0358749030506133
CC_017598512EA2,0.11932834971870046
CC_01941532C804,0.18769046834605935
CC_01A66C6E22FF,0.794477323604162
CC_01A684355200,0.17732523559415814
CC_01AC62740827,0.11177554825823396
CC_01B0EFE5DB79,0.29039206234494486
CC_01B876B2988F,0.19607333712103037
CC_01CBB64C1DB1,0.34678776358039265
CC_01DBD993A1FC,0.06523844984083149
CC_01DC49D55C2D,0.04053426998578456
CC_01EF18A3ADBC,0.4981597711847513
CC_020252D37557,0.16929044911901064
CC_020BCDBCA8CA,0.3251952397368563
CC_021A6DD97ED4,0.15499638272817512
CC_022054506F33,0.06938672728363027
CC_0225D6231EAA,0.061746845913263404
CC_024B524B0176,0.035036264892352065
CC_0256303A6DC0,0.2118670787281035
CC_02589E6E4714,0.0591847211735263
CC_025927626E10,0.7322815078451023
CC_0283023DB294,0.03575881956461137
CC_02903C6FC0C0,0.22172516395976344
CC_0296E572CF21,0.03452327672937494
CC_02999E509460,0.612106616765908
CC_029E835D91BB,0.08001006611123634
CC_02A32EC3526B,0.10123988363102004
CC_02A393632CD3,0.2640340963189129
CC_02A3E21B28BC,0.8062505574012777
CC_02A4B4644529,0.09122612011465134
CC_02B43865B30E,0.05329069118726069
CC_02B5A1A178A2,0.16820124969331965
CC_02BC4785773C,0.237099982969945
CC_02BEDD9627DD,0.6716265673088972
CC_02CD2C1EFBB0,0.11288152674801791
CC_02D4430492D3,0.32751896058288815
CC_02F79A06858B,0.10049948878699663
CC_02FA254C9D43,0.031212544989568308
CC_03062402B4EE,0.05144259140571634
CC_03072CF2EC63,0.33859594624608236
CC_0315369B079D,0.093856109865455
CC_03199242A810,0.16077736510751034
CC_03214BA76DB4,0.19148754142084884
CC_032735A44CC6,0.06362873849297146
CC_0330340F2FE5,0.19004170535643794
CC_033236FAAFDB,0.16344859737998854
CC_0337298F948C,0.04665269058567604
CC_0341CAE5E2E8,0.1985557378265803
CC_03434E2371CD,0.357757792432003
CC_03547AAB948A,0.22589475209021775
CC_0354D0453D8E,0.10197592929960728
CC_03592E51F427,0.818600004664493
CC_0365DEB525A3,0.10068623429885544
CC_036782052BC9,0.3675683787869804
CC_036977A50F1A,0.12334948414804683
CC_03720D08B8C2,0.2802957956115585
CC_038AE599BCA8,0.3141133625053286
CC_039E67CDFE1E,0.3146419434796548
CC_03AC962FC717,0.17336586267505458
CC_03B00DFA3A85,0.8173964509750713
CC_03BC6380E968,0.48339256728757807
CC_03BC730E0B02,0.02053141099663867
CC_03BD4F22DA3D,0.13132380986092151
CC_03C7E1EF6F69,0.8144977036470727
CC_03C9FA383477,0.10274220463927722
CC_03D1AAE90CA6,0.057412533691895286
CC_03DBB9598F39,0.130373188533416
CC_03F18B43797C,0.09780326889417953
CC_03F80118E46D,0.059233666161605095
CC_0405E0151A6D,0.1655981660002016
CC_041FEE6C805E,0.3354016302696241
CC_042F88EE269B,0.20622727131707405
CC_043D98ED7F98,0.17962106583244983
CC_044C3537B769,0.1382833860958707
CC_045932C46685,0.14118978747410602
CC_04629624AA8D,0.19729423112628433
CC_04690B4A6AF1,0.22993310135956832
CC_046CF40369FB,0.11897280629176457
CC_046D6EC816AB,0.4762069094719897
CC_0475CD95EDC9,0.11963539587156669
CC_04796F06B82B,0.1264194102218416
CC_04AC7C1CE736,0.34907725539529144
CC_04AEDD051B96,0.3181830229212616
CC_04B42AD0E01A,0.36535418171869943
CC_04BBD1DB360C,0.3370714319613521
CC_04C767FFDA0F,0.5012403153370757
CC_04C7B819B9B9,0.096214073191196
CC_04D127A775DE,0.09818389721994691
CC_04D9ED00053F,0.07150402784653453
CC_04E0EFC4F548,0.28119208315577326
CC_04E6848903E8,0.034940392643532
CC_04F69D03ECE1,0.26126606472111663
CC_04FA1CFA1DEB,0.24350980641788256
CC_04FA6842AC62,0.031738546577602916
CC_0502F3791166,0.2726726377703529
CC_050B514E15FD,0.13616134241585276
CC_051ADBD6D835,0.11568518024727355
CC_051B4644216C,0.0770818795879305
CC_051C0A644DD3,0.023587213969216585
CC_051CBF566856,0.04334895765678212
CC_051EEA9AE819,0.16129902670464258
CC_0520E27BE904,0.16411982915757253
CC_05224448D290,0.10409124472302991
CC_0525DE4744C0,0.050278666779968006
CC_052F5CD81EFE,0.18323636668465337
CC_05368FAD2E6D,0.0649012889820718
CC_053788B82006,0.0910785292226957
CC_05471A48C6F5,0.1771307049122679
CC_056DBA1A87BA,0.06599543707507885
CC_05901F3E7A0D,0.17011966516740784
CC_05906BC8ED3F,0.1379223280814369
CC_059D55E32C78,0.0751373738590739
CC_05A12EF84A86,0.4904211150461785
CC_05A42D035609,0.14393890303689627
CC_05AD75A5CE38,0.053358762846287836
CC_05BBD4B92613,0.5894122010649654
CC_05C8EF6500D7,0.8230360187139146
CC_05DDB7B07497,0.07569865113033017
CC_05ECAE6E0774,0.24212178792283084
CC_05F11F14DF9E,0.32746260337239985
CC_05FA9192590F,0.13485369732147973
CC_05FD764FB154,0.7770578868033926
CC_0608DBB4DF03,0.24619507234546767
CC_06198383F6D4,0.10751659629209279
CC_06199EBE2B05,0.1666546635318243
CC_062A8881A331,0.07230440997402104
CC_062F74350907,0.06355212204111331
CC_0635AD30F004,0.8138785366526697
CC_0639F539946C,0.2985122122749403
CC_063DDB42CF5C,0.07456619494455571
CC_06405C00E240,0.2660722118586402
CC_064920FC9DAC,0.06815113910327558
CC_0650AB329174,0.8121736395975885
CC_066941B109B9,0.15595094917608876
CC_066AA16F5874,0.29810867291860044
CC_06732311FB8B,0.15953390190231115
CC_06780061F889,0.10169186607483717
CC_068A81B06B74,0.432154622409451
CC_06A1C5FE269B,0.2895936568790761
CC_06AA7138DAF8,0.03642645070385615
CC_06C0DD0D066E,0.7910515320144045
CC_06C97CFBD476,0.13068831245909418
CC_06D15F523C05,0.20027626122168646
CC_06D35787AD65,0.04401719098710294
CC_06DA375201A2,0.09336598163309932
CC_06DB455FF19B,0.7032684821499333
CC_06F3674E7313,0.4428861607298257
CC_070232DF9996,0.13549775176568143
CC_07141FA77DBF,0.13988565882460113
CC_0715F11CC8CA,0.23791385031793327
CC_07168A9C843C,0.181427324429266
CC_072AB9F855DD,0.040097065711625135
CC_07337AF6AC2A,0.12641325714646198
CC_07434E4E5C28,0.06411774290058818
CC_074381358A2C,0.027264504369396557
CC_074E7CA75E8A,0.2539326187551151
CC_075D0C618BAB,0.23909877120745607
CC_075D804F7851,0.08794287331588319
CC_0765961D818F,0.36529708461324906
CC_07698F10563E,0.05636622277661815
CC_0773B9BA9E18,0.28067007520661014
CC_0784ABDA7F8C,0.1671943082244757
CC_0790C9F9EC9C,0.08865434200164564
CC_07A996E6CA6C,0.25318763648101417
CC_07B588ED677A,0.15758293524561456
CC_07B730FD7F82,0.16251156223473257
CC_07BE6961D039,0.07936801769478624
CC_07D23A6BAF5C,0.11505025540694877
CC_07E08196A3DB,0.051279344593193985
CC_07E4850039B3,0.09660354757746539
CC_07FAAF8B2D23,0.04569308589863866
CC_07FB3FD9BE0B,0.10417444762426026
CC_080CB94A724F,0.3448380784376921
CC_0837C56711FE,0.09049916363750077
CC_084100A049EE,0.052307208068975194
CC_084113D0951B,0.22848432737833577
CC_0843DDCDD601,0.6761883296583847
CC_0846C14EAAFE,0.057588514544731226
CC_085091ADED2C,0.23568188340025698
CC_087943B4A5D2,0.15365991919503957
CC_08A97B98C405,0.14698348135004896
CC_08AA321BC4AD,0.18259440931686954
CC_08AA44ECBDD5,0.058386362775103576
CC_08AE2EE9D798,0.1954846441481407
CC_08B149462891,0.16804972843655472
CC_08C71A8D2D58,0.05293293602096927
CC_08D645F7B257,0.05444152813496322
CC_08D80BF0B273,0.04674238254626934
CC_08F52B1BE431,0.26315150742558974
CC_0903571AC7E7,0.15696485764240187
CC_090D528C09D0,0.44080283110124185
CC_09106BA6CFC9,0.0981479192667774
CC_0915905A5D48,0.10378609177804589
CC_0918F67CDF01,0.16035466711358906
CC_0925D0B6276C,0.1426158515404352
CC_092A2830E36A,0.8250691565347628
CC_0951489C8F79,0.03635963408898432
CC_0951FA4D5513,0.08903219752665203
CC_095C712064EA,0.07800581138350833
CC_0969AA7BEC71,0.0810929896949413
CC_0974840BED49,0.7692297488851323
CC_097BD371F652,0.08249409315989013
CC_097C8139DBD1,0.0648276639041196
CC_0981CA4DBCE0,0.02690359445877512
CC_09A5D2F129A4,0.27364125599846667
CC_09A9BE38080D,0.09317638043450682
CC_09CDC42E000B,0.17043499695338316
CC_09D8DBAB2A42,0.09887740204671414
CC_09EBB1960580,0.04795983876824491
CC_09EBF206FEE6,0.21616440936656722
CC_09F2AE996181,0.08146204460615725
CC_09F45833F53F,0.14630410800407526
CC_09F4F5C5B4EA,0.8093010002710173
CC_0A04BF4005F8,0.19796533850609066
CC_0A0E563D1060,0.07701267145590562
CC_0A0F781A999D,0.1903722482201865
CC_0A1138C37BC0,0.16609167566901634
CC_0A334A16524B,0.0600081633669498
CC_0A359CD5D73A,0.06978528486553455
CC_0A3E2C273DB5,0.0721426239843749
CC_0A4705B1E08B,0.04672473402944813
CC_0A67EB7C5282,0.12338437885941311
CC_0A6CD64871E5,0.36367165232910215
CC_0A75643FDC7B,0.05733108236280188
CC_0A8066F501AC,0.047632042283177384
CC_0A83017D027D,0.2026572243345751
CC_0A9AB7441D5B,0.32440971467301977
CC_0AAA72FA148E,0.34546185048949507
CC_0AAC488C8AE4,0.4826089772412983
CC_0AC2DB82398C,0.3385564774731319
CC_0ACA2C49A497,0.11914064586344017
CC_0AD4BBEA75ED,0.040218074986085484
CC_0ADCD6553B8C,0.06778378614591202
CC_0ADE56B56C41,0.04089510518464854
CC_0AF4B5B4162F,0.7583311907411527
CC_0AF9BD814AC7,0.1088109829928176
CC_0B083BE0FEA3,0.11047128106293491
CC_0B1384331163,0.05632643966567632
CC_0B216C6AF0F2,0.023773841274572903
CC_0B3465DB0684,0.5873888082477675
CC_0B442B91679E,0.13330441419486813
CC_0B455175F494,0.09556732117650564
CC_0B4C01B4002C,0.17156035954440002
CC_0B544A526D6C,0.06306651008107975
CC_0B5B19AFCD18,0.06120983552555122
CC_0B5BD2D224BF,0.06306107400214273
CC_0B6407C2C9BD,0.14261263283378434
CC_0B73F59991EE,0.08525047911018101
CC_0B7579216681,0.08581056198700829
CC_0B7F3B4B32C1,0.25985386274892835
CC_0B830A67900A,0.12448705515619371
CC_0B84250F96B8,0.20832103701143928
CC_0B92212B8E27,0.32703967188078875
CC_0BB43BC4B3BC,0.12215539255671914
CC_0BB992973640,0.06003534966626627
CC_0BBC41297846,0.1123617686267932
CC_0BDDB468A1E0,0.2969873812903713
CC_0C00A631C2B4,0.08237773288222486
CC_0C011AF6C857,0.3439655788440765
CC_0C0459AB67DE,0.13434986668015958
CC_0C18B07E451D,0.11743107211598
CC_0C19EB845CA2,0.2559370487097069
CC_0C1A736F37CC,0.07863278898286652
CC_0C335C9D86F7,0.8110833090867968
CC_0C4C24D066E9,0.16800180641177664
CC_0C5499989AF4,0.18536208390402698
CC_0C95548CC1BD,0.14326591035518094
CC_0CA2DE660B41,0.1980202301093874
CC_0CA6D8CFCF2B,0.22988542035650197
CC_0CA9DF9C5C15,0.0668271031264064
CC_0CA9F52C92A8,0.19664086737496633
CC_0CAFB6C41CE7,0.11576119074316253
CC_0CB27D5313F1,0.5783610119150584
CC_0CC9DDDB8B44,0.04874323628904419
CC_0CCA18595BA5,0.23781655584873462
CC_0CD90568D3E6,0.24127900081715764
CC_0CE0D56B0584,0.07691216290926123
CC_0CEA028BF961,0.28627909158182185
CC_0CF67D68AF16,0.39043102164576493
CC_0CFAA0FB0691,0.06490132932407716
CC_0CFFD2785D2D,0.10564563525235658
CC_0D28AF91CE97,0.13924103919362182
CC_0D34E55A580B,0.10107325387558838
CC_0D3663B6524E,0.7795330782096945
CC_0D3C2864ACD2,0.3179796931857659
CC_0D5F4BE8132C,0.15425111671686254
CC_0D6D5ACB0889,0.2093302955170247
CC_0D7BFE8CC0D5,0.12725128664810892
CC_0D8852AAB481,0.19410334038877053
CC_0D97EF394C79,0.42691907971834053
CC_0DA8FDDE6DD0,0.0618083557215983
CC_0DABB89E37CE,0.08546458868518114
CC_0DAF0F2FAA86,0.10261256973945238
CC_0DB9E5F8EDAD,0.07548598495149492
CC_0DBC64F88C05,0.1504424241305312
CC_0DBDF018E822,0.11661442828069477
CC_0DC31A5A1096,0.05102566363774337
CC_0DC3870F23D0,0.04578680924634614
CC_0DD39F5D7C0D,0.06500923836575026
CC_0DDC2C18BBDE,0.04796295210682934
CC_0DE09CAA93E5,0.14495800459069522
CC_0DEA4477FDC1,0.13325240159459562
CC_0DED63EF6639,0.20618868822414965
CC_0DED7DBF26F6,0.27064266175974505
CC_0DF01CD21B9D,0.17243147728143787
CC_0DF6A478C01B,0.22401316873310417
CC_0DFE1A3FA5AE,0.1518803742354587
CC_0E07D5FB24B2,0.12048564222049772
CC_0E0CD9F23A5F,0.8074690582124269
CC_0E121FCB1D47,0.07447652959574169
CC_0E1423A4C263,0.18659661801960326
CC_0E16883EE8E6,0.4476947986870331
CC_0E1A2BA1C545,0.23696278970235934
CC_0E2B52BBA69B,0.062191113974510145
CC_0E40BAFC3530,0.1648508077898888
CC_0E48EE235179,0.07213162508407542
CC_0E4FA0FB9797,0.6931230752444296
CC_0E5162F59924,0.8038531120048048
CC_0E5E2FCAC8C2,0.2482344465584762
CC_0E68C2BE2A75,0.13337667769840916
CC_0E6C5A8D8CE4,0.10534057501178615
CC_0E6E9B0E674E,0.08462538413571552
CC_0E746EAD6CE9,0.07397625847619978
CC_0E968E7C22C1,0.3555626414711436
CC_0EA1483F50A9,0.14895239779667513
CC_0EA81362C7D1,0.1571022409690764
CC_0EAE97520873,0.3756122567197947
CC_0EBCF4228FF2,0.5044102193937727
CC_0EBDEFD0BDC2,0.06453589210587124
CC_0EC6AEDA63EC,0.27638988428045386
CC_0ED61DD76795,0.09587389215241665
CC_0EE33B1B71D5,0.1376504489616978
CC_0EE7EFF13EBA,0.05005577800321054
CC_0F0F136B0991,0.12189485683774198
CC_0F0FAF218BCB,0.05539371716830235
CC_0F125B48F175,0.11035414265931136
CC_0F292A238627,0.10823193360953245
CC_0F2949A1746E,0.0819163623349833
CC_0F2B71163121,0.07967797952702124
CC_0F393F1DE2EB,0.07465745823983175
CC_0F41B187053C,0.3946640771012764
CC_0F52EDC9D383,0.09641065167332658
CC_0F62C4F36236,0.08969875440729932
CC_0F6A29CE5D45,0.17339073575925706
CC_0F7C0515A6CF,0.15992913186409566
CC_0F8D6C89202F,0.19159756129426753
CC_0F933684CC08,0.17446635212014863
CC_0F9BA54F2AF6,0.049577984795749167
CC_0FA06CE7FAE8,0.04018152007566074
CC_0FD25AA655DA,0.13194256304975763
CC_0FF5570E06EC,0.7739800306387652
CC_10197FE0E34B,0.692798713930814
CC_10355B5718CD,0.10512432068776478
CC_103A9D18EC12,0.15059350392027077
CC_1040DB6A21EA,0.10755777539726373
CC_104D2B84FC4F,0.04151441061448437
CC_104EA2802A11,0.09070209143967677
CC_105777B1BF91,0.05289948618476896
CC_1059F1B6C0C3,0.1449121980903264
CC_1061947FDD14,0.05651632890928224
CC_10689257E68C,0.3216347781734228
CC_106BFCFA7D7B,0.04136892339969614
CC_108FA04AC10D,0.08076029838477075
CC_1092915D0093,0.11233002326764452
CC_10A30F88E157,0.15574556890914798
CC_10A657027AC9,0.7667315055399843
CC_10A6EAF27BF3,0.05465050833151278
CC_10B148BED568,0.37392129149036546
CC_10BB7101F191,0.04374949851294021
CC_10BC5BC3A9AD,0.3672133295902781
CC_10F27C70AB99,0.11676052815133847
CC_10FADDF63CDC,0.16090493054096797
CC_1107D9301AA0,0.0848678403237568
CC_111A6DE5D9C7,0.7788863245327522
CC_111DC3B1756E,0.2684632644365993
CC_1131156CC6F6,0.14203054961392347
CC_113B66D5D5D9,0.13490311352099787
CC_1143254EFF36,0.04858007295390175
CC_1145E5277FA7,0.2996018043431
CC_11521077BBB0,0.14853048544977765
CC_1154861ABCCB,0.5634029340744713
CC_115BCAEAE2A0,0.09579526207037731
CC_115BF13E8BFC,0.2128636193932599
CC_115EBE5044BD,0.33921160309201825
CC_1165AA07FC47,0.7357522871792617
CC_116EE8219753,0.05380257135388489
CC_1176FA3233B3,0.052585994111905204
CC_117C2A1587ED,0.07971179975581599
CC_118C0A1D14B2,0.2660494096439585
CC_118ECB589F3C,0.10980785817562401
CC_1190F13FB1FC,0.14102165513722878
CC_1192EEC65A1E,0.24169422492080028
CC_119B1FEC4D83,0.24260457241922573
CC_119C413C2580,0.14179764827706537
CC_11AB74142A2E,0.8170828486789394
CC_11C8A291FD11,0.15272844592523022
CC_11D1E9C39E41,0.0641036313217519
CC_11D600EE1BD6,0.18785160594398534
CC_11D7539AC69D,0.19929499761271072
CC_11D78BB50016,0.14440130609415053
CC_11E0C583685C,0.12775877918609765
CC_11E0D2F15AA1,0.0408761465679354
CC_11EDFE67C719,0.6875380568688534
CC_11EE85F284B8,0.23762228411255232
CC_11F700202C6D,0.1584802063249618
CC_11FB668DF543,0.1108565574911315
CC_1209FA26609D,0.03505320553982799
CC_120CA1B916D0,0.11411005498736501
CC_1210186F4D33,0.07425227124642741
CC_121F621374FC,0.2126965098114773
CC_122532C1FBCB,0.11694999602401063
CC_122B19CBC88C,0.6810452955119575
CC_123C7F0111C7,0.625582402183382
CC_1241EE42F174,0.1392566379800364
CC_125B7100F1DD,0.1193715371842134
CC_1263B255B3B5,0.19139059022495097
CC_12878596E940,0.06977045072127669
CC_1298ED71A9E0,0.06156757553834101
CC_12B555C6F086,0.14859123603945953
CC_12D22C629874,0.16586002308899286
CC_12DD89EA0C14,0.20843197349634285
CC_12E24CDE2684,0.19739427240673138
CC_12F3B7309455,0.5717294128030701
CC_12F8E7A4BBE5,0.33474917014072725
CC_12FDEAE4873F,0.20092324295037312
CC_130F7B067939,0.3976219158215091
CC_13209EDC85EE,0.6668663236035683
CC_1332B6F0E543,0.23235184912766818
CC_1334E256AEBC,0.6545663046530268
CC_1337726B2AE6,0.08791805116302603
CC_1338237BF402,0.1966587233562775
CC_1341DF38D9C1,0.1582108196082637
CC_1342F868176B,0.6896491737066902
CC_134651CCD2F8,0.1637462458819094
CC_1363E3090578,0.06120706760152707
CC_13736493B695,0.06403113003986097
CC_1392DE633D4C,0.27618438753029867
CC_139ED2E0AD76,0.07907545531946542
CC_13A5383EA098,0.6256598497836703
CC_13AA272C6861,0.0745171162111786
CC_13B74E4EE3EF,0.2038628587318844
CC_13C437E86B81,0.5135027105039602
CC_13D61B077E7C,0.06555437629475513
CC_13D7115A8FCC,0.1777366264414373
CC_13DFE319B21E,0.8023259112972246
CC_13E0F0B3FAE6,0.21790725552295093
CC_13FD88C2920A,0.7638414391156035
CC_1401CB818627,0.2249702255721437
CC_140B86E74F74,0.8292178592818085
CC_1452A0B69085,0.041992761250823116
CC_1458CA7329A7,0.21097150918335023
CC_1459E7125AFB,0.08384497057237097
CC_14633EC7F622,0.396499519634829
CC_147B1B30DE7F,0.10364582624640814
CC_1484511F54C5,0.3180965638301759
CC_1489A941A69B,0.30132047208177803
CC_14A8B16706E9,0.08334763072185226
CC_14BE52BADB77,0.0989749837140145
CC_14D53413FBCE,0.3156684352585445
CC_14D59B58E51E,0.19211461793019013
CC_14D964327B1D,0.06953767603088185
CC_14F5D06CF093,0.12828407247604146
CC_1501D63D5A80,0.34921206447054953
CC_150E3A0E5084,0.21071310061054419
CC_15152312AC56,0.055797542305008795
CC_1522BA0411C3,0.06829071911620717
CC_1534B0241A1B,0.051031158604095087
CC_153BE2BEB74C,0.1351142145879891
CC_154BBCD4DCEA,0.2172361359905041
CC_1552EC27FC0C,0.7465195961489345
CC_1566BFF4BCDC,0.32875075749064286
CC_1579BD86A63D,0.33809051345528207
CC_1583CFD90530,0.24795307110959625
CC_1584385F38C8,0.06530862283059523
CC_159656F13BE8,0.1237174905297654
CC_159B6F6AAF1E,0.09240740655748955
CC_15A4934FD96E,0.11720669761180298
CC_15B2140CE869,0.08185416170644857
CC_15C0972DE384,0.6422348014504178
CC_15C0E30FF2DC,0.11810471792949576
CC_15D617FAB434,0.05888446624451786
CC_15DA0F4FFF0E,0.3107900748726823
CC_15DAE76D15DF,0.054127950057811666
CC_15DC7C139EBC,0.36191472138394304
CC_15EB741857ED,0.08868211242493793
CC_15EC51F4C521,0.2891166394112991
CC_15F6259C7C53,0.07295787714102409
CC_15F7C012E10D,0.44804277168329076
CC_15F7C1BEC28F,0.19491113569847113
CC_15FF58854AEA,0.24618160960670132
CC_16035CDDC2F6,0.1431323238395756
CC_16095572722B,0.05382515023311933
CC_16109F1CE0A6,0.27498593878739086
CC_16150E74E4DA,0.1579047711447429
CC_1629E47AFBA5,0.0754080828789295
CC_162F4582D06D,0.6605304967090222
CC_163194DFEDDA,0.04434380467782055
CC_1640F01B7730,0.10869493549057987
CC_16460554039F,0.03542926419472783
CC_164D308CDE41,0.22634241016399917
CC_1661041F819B,0.7937423041336568
CC_166829780A76,0.10668490445942902
CC_16798666E855,0.1054102891332844
CC_1684B5493414,0.19243004514106427
CC_168A8907C8F4,0.07601698308000449
CC_1690EC56D088,0.06707296609576457
CC_169853EEAB4A,0.1048309242351013
CC_169B7FD839BA,0.15517948495354605
CC_16AED1A3008A,0.1611476538410932
CC_16BAC7837C73,0.1500017760071256
CC_16D57E1EEA01,0.13997267605569685
CC_16D833E56D7A,0.17851959914968246
CC_1702487A047B,0.17229807673501712
CC_17029F78E70E,0.06605304796815833
CC_1702F3E986AE,0.06667270153731629
CC_1707181BB559,0.037351798286526613
CC_17117BF03935,0.24936425748728008
CC_1723E40C3D40,0.22821683978560556
CC_174FBBE9ADD9,0.17742641078265098
CC_176E6E58FD1E,0.10039644935937472
CC_1783F37259BE,0.08039768000616596
CC_178B135605CA,0.09752503006097289
CC_179AA5165026,0.2923671139637507
CC_179DBA1C4CDB,0.3467166448782124
CC_17A1090B69C9,0.1007476222020866
CC_17AA1A4C904D,0.19355858571398693
CC_17B06C06FDC1,0.1717367316310588
CC_17B89AC1FD03,0.2013334408215559
CC_17DC33AA73F3,0.06361778372449461
CC_17DE4D267831,0.1082600799512933
CC_17E929BE0344,0.32538284989106203
CC_17EB83DECE5E,0.4524203021819043
CC_17EC9982E5A6,0.18218034925462256
CC_17ED5555B4FD,0.22236904562553375
CC_17F4292DAF8D,0.10265208315102038
CC_1807B0980C86,0.08054876775624181
CC_181354A58B53,0.09680616825207167
CC_181E7266E018,0.09281239192690977
CC_182AAE7CC3CA,0.4788204356932308
CC_183EDEDC5DA7,0.09111750623860995
CC_184C47552665,0.23879551017733763
CC_185A7392A475,0.27610633910458465
CC_185FEFD3233A,0.361779970850324
CC_18676FE5FC07,0.07485448740016501
CC_18776C4FDE28,0.09080439762103625
CC_187A8AECEFBC,0.14764104155767732
CC_187E7D0B4E82,0.7674984708002746
CC_18839D393105,0.1565848189215711
CC_1888476F6CF3,0.10502371119900926
CC_188B1ED2AAA5,0.32342710487670173
CC_18A4257C3172,0.2690840106273511
CC_18A7929D9FC9,0.2566796880631065
CC_18A8695F185E,0.1151607192463957
CC_18ACE64E8F74,0.20350471421240449
CC_18BF4A29BB38,0.12500539388649823
CC_18DE36F7D294,0.16410058256797172
CC_190EB07AC1FC,0.12225695213601587
CC_19219F2C60B7,0.18243378643234337
CC_192262DB0B0F,0.08008720012102666
CC_1929746E06CD,0.625965439559138
CC_193356E72D61,0.6986442161350264
CC_193938E8EA40,0.18463969662684515
CC_193C60092202,0.5657011436316253
CC_193F669537D1,0.1726089228827763
CC_194E13150BE5,0.06258805901462905
CC_19556DDCCDB3,0.03561043682080452
CC_195A6E9B48A2,0.15045028756480944
CC_196DEC616B33,0.10084633977511293
CC_1978B23D64A8,0.10906220421776366
CC_198562A4BD86,0.12356061186692213
CC_19864C9572BC,0.17179020865680433
CC_19868B6887C9,0.1303594977631481
CC_19969E05AB2B,0.17386395596330906
CC_199FC89885C7,0.11515107131976748
CC_19A40411B404,0.20737677359095172
CC_19A6D9B60B29,0.6283051366294515
CC_19AAB010550E,0.06173758196819614
CC_19B4743DFEEC,0.06979316289225941
CC_19B95A61D757,0.18434503475672162
CC_19E6A00F6A5B,0.07195056422667823
CC_19E8DEC29F47,0.56306079668266
CC_19EA54976042,0.15932004493852558
CC_19FBBEA75B7F,0.14709370842410002
CC_1A039E58840A,0.05770322715119629
CC_1A075331756B,0.12176647542341619
CC_1A1E1302C432,0.13537679890794788
CC_1A37690EAEDB,0.1715456754323536
CC_1A3BF9F5BD42,0.1463497307825818
CC_1A4268FEB02E,0.1796519919711689
CC_1A5F8618A912,0.3527030906021782
CC_1A659D4D521E,0.403491033988419
CC_1A879655902A,0.06474434331688902
CC_1A9F6DA46BC2,0.11668626847103986
CC_1AAB15E81743,0.03617656216146767
CC_1AAC389EF8A2,0.26184515143204024
CC_1AAD0CE365D9,0.1379957350063844
CC_1AAD9152C90B,0.048165308645012506
CC_1AB15BDA9296,0.06813311860535795
CC_1AB8BDA3041B,0.17025325544758946
CC_1ABB9CB074E2,0.7532237057278479
CC_1AC1B1A3978D,0.06023995428581183
CC_1AD20D1F9C08,0.7218958328905571
CC_1AD881A90D1A,0.336729438279459
CC_1AE9811724DD,0.6652861822388252
CC_1AF1AAAB9D12,0.8142379132583506
CC_1AFCC4D0ABD4,0.16646403437502866
CC_1B08ADAFD1C4,0.14338722779662627
CC_1B10139C7917,0.11474501440590254
CC_1B127133B948,0.14263595732508622
CC_1B25964EA376,0.1274895561452607
CC_1B27A85C7244,0.1851488739452959
CC_1B29F4378A34,0.13264194725002115
CC_1B2EC0BD0677,0.33918957592552357
CC_1B4AAF37FB97,0.08342163128019829
CC_1B5E792F6E6C,0.2776374161754849
CC_1B7166DAA790,0.141899160417233
CC_1B89FD901C95,0.10827239186036994
CC_1B91E3A70338,0.07343667110772929
CC_1B9D9B7184F7,0.15414839080257398
CC_1BA3FDD92B1B,0.05703583037255826
CC_1BA9B3D67170,0.1436612128810753
CC_1BAF97E2BCF2,0.09061351646174544
CC_1BB7D8A54021,0.09986000293046976
CC_1BD548A5FEF3,0.12073928277719286
CC_1BDF1893ECEB,0.2069410079474195
CC_1BF117A8AF9A,0.07097881046977483
CC_1BFA7E407428,0.7477107326359129
CC_1C0066F472E4,0.7251163244870282
CC_1C09CC2385AF,0.05872962676384785
CC_1C11467AB472,0.6789310175287322
CC_1C1627B7EE6E,0.04530794168303675
CC_1C3259B85E28,0.17046688345430794
CC_1C334ED885FA,0.04193674998389496
CC_1C376760FE39,0.07692375655306972
CC_1C39A1ADF3F2,0.1607400942084265
CC_1C450FC77478,0.13299851281489228
CC_1C48409023DF,0.39461814112953486
CC_1C4D03324C60,0.32231220268911465
CC_1C5F1E1028DB,0.04927369070934218
CC_1C6681C0AA7A,0.8140693430015429
CC_1C84CFE19CDC,0.21943311887054406
CC_1C8B3F689C6D,0.2285549801525842
CC_1C95674B902D,0.044454292337165115
CC_1C9A4C11F28F,0.14367243808241043
CC_1CA3F50BABEA,0.08882378499199069
CC_1CBF42D35AED,0.6454090504852326
CC_1CC11BEADBD5,0.1271993108746575
CC_1CC3CE396A8A,0.2937782273935189
CC_1CD2B13C2E6B,0.0753936395785344
CC_1CE0B37CA670,0.08832196484331459
CC_1CF5A99FC068,0.14199326281339258
CC_1CF71AEB6671,0.08057555002531208
CC_1CFE066F5EE4,0.20756934005175412
CC_1D00B360809D,0.06603404815031357
CC_1D1173F82F2F,0.10263111631501637
CC_1D1E06E0B393,0.1754599852439071
CC_1D2789866B1B,0.07306283568067604
CC_1D2DD7DF781A,0.2082061871354264
CC_1D313498A2DF,0.18716438402505137
CC_1D68396533F9,0.3308277027475588
CC_1D7235BA1EAF,0.16369447277927565
CC_1D7ABAF9D080,0.04785686773038485
CC_1D7FA51D0D7D,0.4790258607466018
CC_1D8CFB3589AE,0.05875064070526795
CC_1D9421A6EB19,0.33796588114776827
CC_1DA0AC68719F,0.3430688920808266
CC_1DA366D588B6,0.1073532532120559
CC_1DACBFE0296C,0.08526075123046437
CC_1DBD6A716910,0.5989356232509733
CC_1DCB75B5CBDE,0.3301262506517624
CC_1DCDADBC0E90,0.46885149481818106
CC_1DD11FAF43E8,0.12628976931884633
CC_1DD8064E71C7,0.15844047373035808
CC_1DEC926EE25C,0.1139075719586028
CC_1DECBAE4FC5B,0.04959794807659279
CC_1DFF80E6D4DF,0.057536182928867176
CC_1E025C3597E7,0.2718650064834902
CC_1E082052CCBA,0.6808350341667091
CC_1E0E30441DD1,0.1723122320603631
CC_1E20E200611C,0.11856199336498326
CC_1E354C75EB9B,0.03478699366476656
CC_1E3B2C15EBCD,0.14553588543458412
CC_1E4DF11FAF55,0.15465913337408616
CC_1E4FE60DFD8D,0.7614053070030828
CC_1E5A648D299F,0.1876419544026052
CC_1E6C0A8B3841,0.6750103974845095
CC_1E7FA6E807A3,0.23162073886730522
CC_1E93F760EC93,0.2619411917003508
CC_1E99F40FA03E,0.06855021296513913
CC_1EAD09DBC23F,0.21343619871696473
CC_1EB3D53252DB,0.23156192351499166
CC_1EC889E04D69,0.10510468496463583
CC_1ECCBF6853F6,0.5339033140689889
CC_1EEC4520436C,0.18040545683531428
CC_1F2827DC99C0,0.12679264687414354
CC_1F2C184C5227,0.07485372255812532
CC_1F3FA8091B02,0.12478827187540714
CC_1F4E07BFDC8C,0.04540884017625729
CC_1F4E0E9B54BF,0.06499391035441579
CC_1F55738A6A27,0.3228662595054804
CC_1F65276D0EF8,0.13650165644427553
CC_1F65C797BD40,0.0569685875753705
CC_1F668C0AE868,0.08388998745248288
CC_1F6B19A04BD8,0.05187892475794173
CC_1F945A60367E,0.4655190208085017
CC_1FAB6F11DFCA,0.6830882428516927
CC_1FACCCE95224,0.2414630397494496
CC_1FD010E5EA82,0.06147569713698
CC_1FD2B7BCCD20,0.7186551333789368
CC_1FDAEC3D5CBB,0.09622926642110659
CC_1FDC65FE3DBE,0.13284878738386502
CC_1FE696D8A81B,0.06935958602440641
CC_20027685F59C,0.7931800856338098
CC_2009F3D77774,0.12487449625539948
CC_200C552C40F3,0.12078480811553355
CC_201459527065,0.11307755959608162
CC_20275029A688,0.06899732259591682
CC_2028DA597C34,0.21504276793343313
CC_204E557E5046,0.36603436623005037
CC_20542CFCFB39,0.04015794148559777
CC_2060F813C9B2,0.248614661327558
CC_20813A9A7F71,0.13721617874824305
CC_208429A11E2F,0.14794700604099909
CC_208B0FE7CBAD,0.10825865771561931
CC_209A511030A7,0.03500253314747831
CC_209DD60421B5,0.07098032465099406
CC_20B26D646D62,0.1578175269926294
CC_20C47966B174,0.2247110330978308
CC_20CFE9681E4D,0.07709048930963905
CC_20D4DB0F3E3D,0.047979413959178235
CC_20DD84CE3CA0,0.1019836901976141
CC_20E57CA675DA,0.6337141985155638
CC_20F129FFBE00,0.2056818352249839
CC_20F4E0F62D2C,0.07704184139812019
CC_20FEE0B2130D,0.5776589271590271
CC_2111B298C212,0.09656970818866106
CC_211315AD7633,0.256765773815952
CC_211504721E27,0.15062922381948987
CC_2119919BCB4F,0.7697045807694728
CC_21375C9ED931,0.21587447726093284
CC_213D2A5355FB,0.22413114143973756
CC_214B50E48E94,0.15659944580781046
CC_215F86D986BA,0.13107425423546587
CC_21600308F496,0.04186728507744969
CC_2166F3F6344B,0.12242806997766453
CC_2168BBB42053,0.12685532557801615
CC_217030CE0127,0.04794610551665112
CC_2179067B405D,0.046863722215509725
CC_219B59B67193,0.18284521781234403
CC_21A9E8DB58FE,0.15664142885299642
CC_21AE679C5E95,0.24401535705642283
CC_21B98D13174C,0.09621973825466563
CC_21C81BC15002,0.09701824246373521
CC_21C9B26CFEA3,0.07967102466988739
CC_21D22081A4CA,0.7916989297683277
CC_21D29CD736D3,0.30559687577102507
CC_21D3CEAF838E,0.1947584758164127
CC_21EF792A3811,0.6098187265060737
CC_21F04E996723,0.4319316417044218
CC_21FB6C8AB8BF,0.45078313470233566
CC_22067686F6C4,0.7444838275204396
CC_2207A39B7BB8,0.13452917437581952
CC_221053121AAB,0.19959975842858624
CC_222423774191,0.06422117667728695
CC_2230EFBC99AE,0.3943402041651669
CC_223BDED2A465,0.24105376980331297
CC_223E3CA7A07F,0.179111937637066
CC_2250B42E48B2,0.11302140619391082
CC_225935E43583,0.13467248607232707
CC_22781E93CF84,0.17046753110852886
CC_22784AF3CB6B,0.43392291686127765
CC_22831690395E,0.2165158312786031
CC_228E6CBCC935,0.6240960906412342
CC_229338EBBA6C,0.10052633198421779
CC_229A63057E54,0.483105508129499
CC_22A2D8A4B437,0.09084574696699438
CC_22ADE1EE9BC7,0.11958228695834644
CC_22B69E7C415A,0.041507377568924086
CC_22C590B43FEF,0.3061722051552037
CC_22F06379D8FD,0.03107515734432995
CC_22F282264A1D,0.11659556031782436
CC_22FBF5F0E1C0,0.23645642955056337
CC_2302088175A3,0.2523572519518416
CC_230672EAA654,0.02713487054201194
CC_230870B121F6,0.1498058621722835
CC_230A051B2B3E,0.053994253039800155
CC_2316F57AFB7A,0.08490057985925245
CC_231D091FCD1D,0.060124889000713846
CC_231FDED1781F,0.2349578578167476
CC_2320053D1183,0.0639143138429732
CC_2320AF507566,0.2028599444609765
CC_23321FF41C3D,0.22293828426690232
CC_233470D6BE72,0.619679800270049
CC_233C8EBC95FC,0.2892854566892779
CC_235F99F13500,0.14769915306140965
CC_235FC02CA52F,0.17647342452233722
CC_236C80CAF53D,0.2052586225192304
CC_236E7222D97C,0.07344169530790698
CC_237B86FDC93C,0.05943586281432693
CC_237E7EB2D7D8,0.10609489450294965
CC_23830081EE1A,0.638202147075906
CC_23894AAA08DB,0.5233215608835076
CC_238CBFD6E20C,0.37882170869092324
CC_2392A4A79C9E,0.032416840414720635
CC_23A474D43C73,0.1738936801407119
CC_23A9CC59BA0D,0.02728584824667386
CC_23B158D8306A,0.1229835733302069
CC_23D147F1870B,0.15639261216174946
CC_23D2E73DCFCF,0.13083308935805749
CC_23D9103D1EAB,0.034178390220291247
CC_23E142182F2F,0.6942802249973371
CC_23E43713A108,0.03919751183175857
CC_23EF2911610E,0.4729295513791721
CC_24056B76BD7D,0.049982336281344034
CC_2416ECE66177,0.10989970469986371
CC_241E65816FC2,0.05954982229644468
CC_241F7E97FBDD,0.056558828185185886
CC_24217201D7A1,0.34815967648332746
CC_242301FCCE50,0.050307097649820456
CC_242C69CF0B12,0.11796390891998118
CC_243B23702DC1,0.16732618418580597
CC_2456B9C796E4,0.11251197667138182
CC_2457D89CB88B,0.622660374572245
CC_24667210E2AF,0.2006498786702367
CC_2468D206CAEA,0.06013424126591384
CC_2469630A4F86,0.3414105094555519
CC_2469D83D9594,0.03424131706854451
CC_248C65EF54A5,0.6779364379914625
CC_24BCCA7941E8,0.0870747396700898
CC_24BDC1CE2A3A,0.2017202768475142
CC_24BFCCDF957C,0.039358514439612
CC_24CC8A1B1CB7,0.13828371123554734
CC_24D4B1852554,0.21752039795209854
CC_24E65FA5A32E,0.1679918329223246
CC_24EF3EDB6857,0.04786063536010053
CC_24F15A19D648,0.17136930570754116
CC_24F2410B5A19,0.13824756967956903
CC_24F27E7DE1C6,0.5035068741393511
CC_24FFFD0C983B,0.03557281593195234
CC_2504E9D5D5E4,0.1334316408416282
CC_250F6A0DB62D,0.06088343412177187
CC_2520E13DF0A2,0.7750070468571375
CC_2539C315029D,0.26268859090271945
CC_25519ED78507,0.19631787448341978
CC_255D49296DB6,0.11417287780145427
CC_255DC60FF5BD,0.04911291975776118
CC_2563C9EF9D55,0.06199056329602447
CC_25756EB9651F,0.12632640363924574
CC_257CC46D379B,0.42280590505315907
CC_258D5F80A933,0.7222774148941702
CC_259D87270257,0.2149595785360889
CC_25A41AB21C94,0.2347658644393118
CC_25ABCDCC8B71,0.13427229457337297
CC_25AF0D0569B5,0.0777909816006993
CC_25B61D393144,0.15365824759807967
CC_25B95D7288CB,0.4038112905730149
CC_25CE2F2F13BE,0.2276941705899416
CC_25D1A5971976,0.39400662810290493
CC_25D411B46F00,0.7265009553139588
CC_25E7A2DC5E41,0.04739252836180396
CC_25F4C8E51AC2,0.5177501568315047
CC_260323EFB122,0.604411305415543
CC_260F10484312,0.053012995126604234
CC_2610D0F1D0A7,0.20272873646689604
CC_2615866F35A2,0.09819762557434772
CC_261DA4E8DBEB,0.11626839709676379
CC_2628F00B0745,0.3408752500957047
CC_26338E9AD15F,0.13868925261079196
CC_26346B99BDBE,0.6368480262333662
CC_26351DBC1AF6,0.14363899128266217
CC_2637397AA3F3,0.5739138620640025
CC_26675C32611C,0.7495888796036914
CC_266E49E49071,0.17204441394225373
CC_2696368A4DC6,0.030039102167708415
CC_2698641B68A5,0.13838970591139313
CC_269C5AE6A1A3,0.683683684357365
CC_26A06AD1206C,0.7819178462273016
CC_26A358B0C10F,0.1817428315250928
CC_26B07CB02EA3,0.5927165573130689
CC_26B638BEA8CE,0.12201393159872671
CC_26C33B649FC9,0.07548733805303963
CC_26D5B969A36F,0.3282308647253594
CC_26E3A1226C2D,0.16145187968716612
CC_26EEA3F0224A,0.25203673993744014
CC_26FA5E5A718C,0.14874823025408793
CC_26FE119D4919,0.06408984228473047
CC_270B462BAEF3,0.037583988395533174
CC_270D929FEA9F,0.07613601866036056
CC_2731AD82BA11,0.18462093616486044
CC_274144AE3E86,0.148472171017863
CC_274AE6E82879,0.15464017141698744
CC_2757A490C5E1,0.08090689418661992
CC_2766F6011BD0,0.37995242968905324
CC_2768E644C697,0.05864412643560439
CC_2770DF70328D,0.06927425353352593
CC_277503968C44,0.5787895580425044
CC_277CE974AA8F,0.3056101148154792
CC_277D246E39B9,0.21375149207698235
CC_27A1CC725B7A,0.06577628114551104
CC_27A798829CA8,0.7204972316240646
CC_27C938FC8DC6,0.45661188986844037
CC_27CA2D819E7A,0.0589412141449899
CC_27E3712F0E38,0.12679231666721474
CC_27F3B3F43FF9,0.03884433832282021
CC_27F9832EAB8A,0.4724512588802928
CC_2809CC131F3A,0.6931146992977946
CC_2812523510C0,0.14939296054280032
CC_28151C75756D,0.04731591966841728
CC_28203CC976F9,0.12259788324795237
CC_282AFAE06F96,0.08905083936909294
CC_282C2404F4C0,0.08042919209700007
CC_2834BA2F19FC,0.20765469009388843
CC_28432E22F47D,0.5823587281774256
CC_2844882CC439,0.0510587306015792
CC_284F79726032,0.37756452133149904
CC_28544783AB15,0.40016517018815656
CC_2856104729EA,0.7556625342408709
CC_28625CD86761,0.1885931574433829
CC_2866BDB46FB1,0.08176953301684316
CC_2872415C6B36,0.07077307983136741
CC_28752737647D,0.6439913907766139
CC_2875C281EE88,0.0509879180283688
CC_287E3E9EDAC9,0.06921937241923173
CC_288A2C49D62A,0.05069413334414316
CC_288FA8CD819C,0.17152830122945664
CC_2891894CCED4,0.06986618652950097
CC_2895608A9699,0.12644344795575033
CC_28A2EF7926AE,0.6632312246571337
CC_28A7DBD2B710,0.19184427491407002
CC_28AD81DF2C51,0.15164187473106805
CC_28AEC29CEC25,0.15640992681088828
CC_28C1C3DF7928,0.09677435970413528
CC_28CA76962EC8,0.16523044857435387
CC_28CD47803B6A,0.07410887213448199
CC_28DF569DBBE5,0.08635750664649383
CC_28DFE611C657,0.082315959775412
CC_28E11E6A6C8D,0.15913440322686973
CC_28F58ADC7CBC,0.13426217798143478
CC_2916479EBC84,0.13641520277802738
CC_2917C6CB0B2C,0.13596263226200822
CC_291C7830D4B5,0.345634879847207
CC_291FE1744E5F,0.08140947532319935
CC_293124F1ACD1,0.1322936971000273
CC_293C2D704AA9,0.3307482618097279
CC_29432A6B2555,0.1307738700562023
CC_2944B427406C,0.18418989617502163
CC_29468B7035D6,0.11324155279472375
CC_294A9A24E473,0.05584530105727403
CC_294B94EB0E07,0.23801643493773508
CC_2967C29E4C3A,0.15416189478658765
CC_29716D5835F4,0.21800272038569604
CC_297179FF2BCC,0.44073987044056234
CC_29803690C939,0.23665262307919727
CC_29821539DC4D,0.15080449580726862
CC_2983C1D2A273,0.1510203540928569
CC_298CAC5A1868,0.6328597718214024
CC_299EBE0FB429,0.1592763706589479
CC_29A1C0073882,0.40407216483668057
CC_29B6065F187B,0.39574322775086146
CC_29BC66C10F87,0.62610989460372
CC_29BF3C3D9682,0.19506742699615964
CC_29C4425FB2DA,0.1922342499273868
CC_29C5D0D72D61,0.13961514734341368
CC_29D65E313500,0.11279290720071655
CC_29FD856F47A5,0.7570222055099702
CC_2A097F88615A,0.087566078144007
CC_2A0CB4CE1A48,0.21244858576421422
CC_2A14C1652D6D,0.20524908128028246
CC_2A1F96F80938,0.11444143255119066
CC_2A23F71805A2,0.13168025154259988
CC_2A2BF2FD0498,0.1688689013090414
CC_2A358A1D3DDF,0.6286913758661739
CC_2A3E371F0DAD,0.23674367021061188
CC_2A423FC8A330,0.3016759192434295
CC_2A43368D54F9,0.41920507951994596
CC_2A47A21C0E07,0.6264301752958192
CC_2A4CB02E7A1E,0.12971460214430536
CC_2A510080BA29,0.17988291066454476
CC_2A5316E550F0,0.09397707212606535
CC_2A59695EF90A,0.5818168713672185
CC_2A606D00CC46,0.05784479515882995
CC_2A6C69145AE0,0.08970952053877887
CC_2A6CD71471A6,0.11295996854613019
CC_2A70D6EF64E1,0.07566996300186232
CC_2A844754AE67,0.6372817540160406
CC_2A85A7B242FD,0.19147688685485026
CC_2A9A51067D7F,0.15202150137601877
CC_2AAAD4020436,0.21379617560576275
CC_2AB62BCF3704,0.07788124704528587
CC_2AC1C8DE5649,0.13053658434946971
CC_2AD10D78793D,0.7689918372895923
CC_2AD26446A7AE,0.0347465196139538
CC_2AD2D35975D1,0.08307943904207189
CC_2ADA07B0211F,0.297509565588857
CC_2AED2D284351,0.30862968230324234
CC_2B01FDE2552D,0.2207419861932652
CC_2B06DDFD7F8A,0.07477278868898121
CC_2B08FBC0A948,0.15218363818741204
CC_2B1914218468,0.7860415982654017
CC_2B1D93E12DC9,0.2111418714757867
CC_2B248C488918,0.08740270506140091
CC_2B256891C60A,0.586225237604436
CC_2B2801591A25,0.39384320734308
CC_2B2B7CF1E40F,0.10228861266054864
CC_2B2F4204834B,0.20082376260986418
CC_2B5443C7AB87,0.07287462026602322
CC_2B5D780AC244,0.6411650407522508
CC_2B64E67CFF13,0.061184657272276954
CC_2B6B872C8D21,0.05854860481204125
CC_2B85D931F011,0.09889631217816547
CC_2B959EF030DD,0.15429074300139195
CC_2B973D1AC16E,0.11624807451745107
CC_2B98983C2687,0.046106948592591075
CC_2BA581E7B8D2,0.10868507808057316
CC_2BB2C432C369,0.11566589733903128
CC_2BBE19587CD5,0.0961362503352
CC_2BCB838A9581,0.12812036080382075
CC_2BD0E9336EB4,0.07866834495084771
CC_2BD1633FD528,0.07992033479396514
CC_2BD58FC8C2B9,0.04452254221042384
CC_2BD6083CAB0B,0.8307990737108529
CC_2BDD47B177E5,0.8184222220852477
CC_2BDE889EB05C,0.27123653421594596
CC_2BF8DB192A49,0.6538817874914136
CC_2BFDF46F3AC2,0.13676379398730437
CC_2C00CF2FAE22,0.1454594465618226
CC_2C06DDBA1073,0.37080567310378487
CC_2C16C7838FAB,0.8227070927792626
CC_2C263A1A732C,0.1793157818754349
CC_2C34105831A6,0.18481308414608527
CC_2C43FFA06F31,0.09954760450461128
CC_2C4DEE4CA1CF,0.0621872413837468
CC_2C56DB55E40E,0.09159528132556854
CC_2C59F565C183,0.1415971605387637
CC_2C7F54E56925,0.18795956128714925
CC_2C8CFCC646BE,0.03785340251746788
CC_2C91AB1DB754,0.054836140754974935
CC_2C93356976AE,0.4035642979464348
CC_2C9DADC294C8,0.05559512553480252
CC_2CA94231028A,0.2643467094079015
CC_2CC8CB17283A,0.19835805439688128
CC_2CCD42AA2376,0.13014015417857377
CC_2CCFE560A79E,0.08054267968123466
CC_2CED227E5216,0.10739363662927034
CC_2CF326E90715,0.045482766929170415
CC_2CFEA03CC6A0,0.666688426844668
CC_2D1D032137DA,0.11708655772759434
CC_2D258781011B,0.19636163645281757
CC_2D30260A1CEC,0.2186193834134964
CC_2D35C002A9F1,0.1287724680641048
CC_2D45DEA4EB25,0.12861807465785907
CC_2D5494C13FFA,0.07952150855372433
CC_2D5EA2953E81,0.2048630833360417
CC_2D6E7894EA16,0.6341271572645915
CC_2D7DA36360AD,0.21171165016666116
CC_2D7DFEACA38C,0.3287068080945591
CC_2D836654A121,0.1388103601635896
CC_2D9CDFC6C57E,0.7477783647497268
CC_2DAC67585B03,0.18060831556200305
CC_2DAE338809DE,0.26192952820911697
CC_2DB062A18C75,0.5498993465623356
CC_2DB2C55CF89E,0.7972303655436042
CC_2DBCBF870292,0.03940741696776216
CC_2DCBC03B4FA3,0.760579916267967
CC_2DD78131B5A1,0.10934696643980085
CC_2DD7BCA75AB9,0.12062313806523599
CC_2DEB49017220,0.12034585510880912
CC_2DF6C71ED372,0.16496135679121604
CC_2DFBFA1A4FE8,0.17187940609790103
CC_2E12A41F7733,0.07259754214847222
CC_2E1A348EB1E6,0.10937690947727663
CC_2E23CB0F6F7B,0.35090920804925535
CC_2E3634587158,0.05347338842120067
CC_2E3F4B14D8DF,0.35064806956866323
CC_2E3FDDBF4F48,0.18068239761410126
CC_2E61C46BC16A,0.19521178784795112
CC_2E62AEB14351,0.26998015240941986
CC_2E6F1C0ADEB8,0.17325197080567595
CC_2E7415FAB62E,0.0806480952765323
CC_2E77F7444FDF,0.037766237962787386
CC_2E78431BE3DB,0.06763433478932486
CC_2E7D44FB8075,0.19175438505119047
CC_2E7D8539BDA6,0.3169050212553167
CC_2E7F248874AA,0.75085569836844
CC_2E85BB8F3BB5,0.08248507070787005
CC_2E8897E4D9BB,0.3019081662015199
CC_2E8CCDE89E2D,0.24832877283758759
CC_2E927D910813,0.1327240907951257
CC_2E9891F5A2D5,0.13706181205116602
CC_2EA56A7EAC04,0.2796219433758854
CC_2EB45D13B248,0.13057749831658533
CC_2EC924B0EAAE,0.1095069917969792
CC_2ECC248C96B7,0.04570820090454872
CC_2ECF0C98B06D,0.3829058416860297
CC_2ED3F6481454,0.13977724921028556
CC_2EDDF0B40ED8,0.14926164410654325
CC_2EE2A139642B,0.15394271718207486
CC_2EEE072DA301,0.2137619415650166
CC_2EFEBB85DAEB,0.15070727757227387
CC_2F133BEFAA69,0.12174199491026919
CC_2F1AAE3B81F2,0.08003236009226941
CC_2F1BC47CC90E,0.04854122931372284
CC_2F2128FBBDDC,0.16000847066861468
CC_2F3D3342834E,0.05855464156968245
CC_2F42D39F710B,0.6151119807492134
CC_2F4AFE398419,0.7246823185375444
CC_2F4C24B38EE6,0.06447435012985131
CC_2F508C0838A6,0.09105134900965613
CC_2F50EC193942,0.21700115932502234
CC_2F5BD03D4900,0.06749717389116439
CC_2F73AF6728BC,0.05071394800359752
CC_2F7EBEAB9CF2,0.16917109714815165
CC_2F9AD2BC25F5,0.06419582806228114
CC_2FA3172ED3FE,0.7294609920266246
CC_2FBEF8808F48,0.18257067019928067
CC_2FC014F0EA3C,0.08054021057341906
CC_2FC3AD2EC986,0.25296960251300427
CC_2FCC82AC097C,0.24228441174117782
CC_2FE2ED7D464E,0.25953087506324835
CC_2FFCC9802D2A,0.1697454716589113
CC_2FFE32627DF8,0.20662504911258855
CC_300BEA90EF3F,0.14493019497150428
CC_3017B64D0364,0.2151794375181106
CC_3017E5E87C94,0.15084157526873943
CC_3028375CC87E,0.8088717246919559
CC_302A48CFCEDA,0.07192137450798086
CC_3031F96196BD,0.3852820391720618
CC_30328ADA0AE8,0.10968926470166551
CC_30451015D913,0.028589621682410957
CC_305D33AC15A9,0.7947216701108759
CC_306015CFB66A,0.1642203468136894
CC_306413849CEA,0.4457385089957655
CC_306EF0BC7CB3,0.03241603014173055
CC_3075C5B861A8,0.12354152720577384
CC_3083D9B76858,0.054463926446343014
CC_3096994A495B,0.21650238300885188
CC_30B106BC1657,0.17877902977728877
CC_30B967417C42,0.20219671528689684
CC_30CABAFF5453,0.10261932841452595
CC_30D68208FB23,0.33780888295671485
CC_30E2A90BACAD,0.18287261646225422
CC_30FFD856443D,0.5818190408476258
CC_311EF26786A8,0.07337654095621138
CC_3129843EADE6,0.7810269745709855
CC_312C34EF683B,0.04877756557358805
CC_31302B64C078,0.10450411466023557
CC_31344A25B569,0.03682462787983094
CC_31397A399AD5,0.07710947804643498
CC_3145B5EAD7AE,0.1977022899734657
CC_3146EE0BF81A,0.12052681410036895
CC_314D02632843,0.2740372178986634
CC_315133406E42,0.26588336572914917
CC_3180D1C6FB7E,0.17222351077022474
CC_31827EE8A968,0.3178737189551033
CC_319BE06CC27F,0.03696314540243076
CC_31A0A97AFFCC,0.4321134696310913
CC_31B22116E36C,0.15535006453797584
CC_31C78D9B6494,0.354655302421947
CC_31D3FA367B41,0.10376956090891763
CC_31DAAB3E6DA7,0.16878572608318537
CC_31E36F666FB7,0.07481412417995328
CC_31E72EA14FE4,0.12125980839818488
CC_31FC6DC9482C,0.22987718645194669
CC_32076DA6AE23,0.1600908038491714
CC_3209FA12D938,0.3014100356599402
CC_320E17F947CD,0.40809115637353544
CC_3223C706DD92,0.2672788818538574
CC_322EFB2E377D,0.09822508067830323
CC_3248EB928073,0.08867771350316658
CC_325D5DC52B1F,0.08901034459499502
CC_32662A6DB78D,0.15246707819792055
CC_328DD3BA068A,0.2344686131936619
CC_328DF7798F91,0.17969286904159348
CC_3295CFEB188B,0.0764110959030201
CC_329DC79286ED,0.6789061575581841
CC_32CB77D55C73,0.11127966416737414
CC_32D129B9E651,0.10704208532180007
CC_32DB12551D37,0.6660940924562048
CC_32F00D77D5CD,0.10348698433668196
CC_32FF5F6892D9,0.1899407072253781
CC_3301EF60877F,0.14215827822490684
CC_330F334BD816,0.11327579645281427
CC_331285B3494C,0.20398440365813258
CC_331364283D5C,0.1268108016520892
CC_331718E0F54F,0.14797201677750865
CC_33194D48FF66,0.09343548058688486
CC_331E8B8BCAB8,0.06828523058486397
CC_33254134ABA9,0.8066026887650337
CC_332E42439579,0.08116445649051221
CC_333102AB964C,0.13020795518285172
CC_3338AC0E8112,0.2601579046670912
CC_33656EEDE6F2,0.4626596650538759
CC_336777D934E0,0.5168787540550921
CC_336DBFE464D1,0.4993088775495089
CC_3382BB2F3152,0.12830754463468685
CC_3387207793E4,0.041241405927766664
CC_33992C973839,0.20439252368136795
CC_339C36703675,0.09343314547096242
CC_339CA5814519,0.10395650034641371
CC_33B157F2A921,0.08976150510294081
CC_33BBD10F239D,0.06498419923812314
CC_33D3B12EE56E,0.08075543581887876
CC_33DB68EA27CB,0.09653362180894008
CC_33F0B95E70CE,0.22654671390144054
CC_33F40275D630,0.05035081785533334
CC_33FD5DE22692,0.06877667347577832
CC_340961106343,0.13583797143220294
CC_340BB1F4CEF0,0.1416326908154909
CC_3410B11F1FA3,0.18808292058071507
CC_3424972707B6,0.6073697666362721
CC_34452758A645,0.027920260448656246
CC_344D239879D6,0.12211047468245771
CC_34503B6891CE,0.21184215536256612
CC_3451722A3813,0.08135741460821591
CC_34517B513D8E,0.6069984677351503
CC_346ECB4CF2F8,0.11207353097889323
CC_3478E8B6B56A,0.06106969109637091
CC_347AFDE16722,0.07683385011752095
CC_347B1A01467F,0.04478336975224148
CC_348AA62FF484,0.2702174311273059
CC_348D3F098A4D,0.08493639475408252
CC_349290E4D0C9,0.1617378537335643
CC_349347D553D1,0.2526447998659176
CC_3495CE27BB05,0.22747330712624406
CC_34B10A654721,0.1318499525761028
CC_34BD2C5130C8,0.12656424832288943
CC_34C433439160,0.0637648949604531
CC_34CA271F73E3,0.30139059282757247
CC_34CEBEA3B15A,0.07723515692250364
CC_34E58CF793A0,0.1538855866656717
CC_34E6909B6027,0.5557322293033796
CC_34F4292A8B5C,0.1978616515144278
CC_34F6DD223594,0.044449055728142686
CC_3508A7A5E9EB,0.1461306082891905
CC_35094977DD75,0.12084062993786077
CC_350DE157CE6D,0.19562463757328494
CC_351BD5C2EE8B,0.022802399051771
CC_35486249EDEF,0.15874939997471532
CC_354C9ABE6DDE,0.06917049068374992
CC_35578162927A,0.1354152420864813
CC_357C3E7518D3,0.7880322506121995
CC_3584C15BF11F,0.04589087625036559
CC_3588C5166872,0.08803866823155203
CC_35A68306B19E,0.24679095920156802
CC_35BFB3093D02,0.04768459126728633
CC_35C085ED37BD,0.5069364315574276
CC_35C695C13279,0.07155606891593014
CC_35D1668A4C13,0.21545528421740928
CC_35D27495E0CB,0.8103828951657985
CC_35D562E1DBE1,0.6795059878985643
CC_35DCDC74A757,0.45731737144955764
CC_35EC2AB1D1EE,0.12497390436573043
CC_35EEB90317B9,0.5590953948436652
CC_361A9EAF7706,0.2971974345604804
CC_361B968FEB98,0.30061828005053093
CC_361C9FA031A7,0.8131423842845751
CC_3620C5D1B3E2,0.06245543403627754
CC_3622D7221940,0.033612300374470216
CC_363175E92F74,0.3144916555152989
CC_3638C9146BFC,0.1298834692463046
CC_3643A4C7EC5C,0.049482235154345806
CC_36690A9AE112,0.7061888294305918
CC_36719170F638,0.09308442121871142
CC_3673466BA7A7,0.09044053359625448
CC_36847054DF52,0.34654201183247235
CC_3691CE792752,0.7690555337285233
CC_36A27FE53743,0.5354885145499155
CC_36A3FB06D1D8,0.8236370569836159
CC_36B0F2AD5413,0.05886393210696294
CC_36B1B7BF5F75,0.14155285889295424
CC_36B68E66951E,0.4113493903958928
CC_36D3F09AD810,0.5526032612741054
CC_36DBD8424220,0.5692865167641138
CC_36E5645D8018,0.06438711122375786
CC_36E6592E4E23,0.159187779176154
CC_36F143AEC864,0.09302870125947096
CC_36F2A735DF73,0.18705155234094273
CC_36F81C003E8F,0.04265522301517696
CC_36FCD55EE425,0.5285629073168492
CC_3701D5DB7FA1,0.09734515342649122
CC_3706E1EB2587,0.5362680372151778
CC_370E0F8EF86F,0.5438720630092112
CC_371D47444D5B,0.7209191004929438
CC_372CFE308EA4,0.6332864518158048
CC_3731D90357A6,0.2809350941234522
CC_37322F66C543,0.036082064722006174
CC_373539DE38C5,0.12799547973139563
CC_375225700242,0.2808370441297852
CC_3762D0B6F3C2,0.16377142513687923
CC_377A277E831A,0.15200530760776182
CC_377B6066B91B,0.2208155167580495
CC_378D71726B5E,0.057139727924542486
CC_37A46BD0DCBF,0.047294102558876436
CC_37B447368F02,0.7777425116329745
CC_37BFDFE369A3,0.22904541703392245
CC_37D09FE492BD,0.0687073612791804
CC_37D3F4C07235,0.2730913766103622
CC_37DDACE48E3C,0.13215816016952533
CC_37DEF85C0A37,0.3260679019231123
CC_38020CED9EEF,0.09709783976421082
CC_382207621EC5,0.8082974271537702
CC_38374AB27F95,0.08643535684488597
CC_383A5544DD5C,0.1228106667300593
CC_383C129A5B96,0.22379305950347234
CC_3847AAA649C7,0.10507759076525139
CC_3849D992C1E3,0.08737536686877351
CC_384BB17F0F0B,0.5694266258870904
CC_3851177E5E76,0.0766456338476422
CC_3862F88850B8,0.2778753530948208
CC_3867CFCFCC94,0.21958708146662753
CC_3872ED018F85,0.1746802625704965
CC_3881A587C072,0.10988204170466645
CC_3882F8EB5EEB,0.6211050230161106
CC_38911341EA6C,0.08117189754136267
CC_389E5B71E254,0.5486527637682568
CC_38A0DBCD3728,0.07582623188529797
CC_38B3E9142747,0.10234057907335076
CC_38C1B8860300,0.05377343529799995
CC_38C8CF250B60,0.025819701968754955
CC_38D32B790B4A,0.13747175314479076
CC_38EB304A9915,0.1710389418680967
CC_38F26461C872,0.7534850644640017
CC_38F942257E28,0.5196194314632563
CC_38FA5D78A8A7,0.04413966553977149
CC_3903D7BCCA95,0.07469115180672706
CC_39043D7ED04D,0.18822643405879474
CC_39098B256732,0.062033832162272665
CC_3909A2E4C679,0.12895769917480038
CC_392344DF8D55,0.31435671758193995
CC_392628C8AD47,0.08592074967259034
CC_39285F4C42BF,0.3559921728346638
CC_392A376EA1A2,0.079914406989124
CC_3932E086F150,0.1852071635896598
CC_393D1D3640D0,0.07020075231831817
CC_3943B3490B49,0.773582355022793
CC_394DE164DBCD,0.1289521734777187
CC_395600E84A54,0.13266814058291823
CC_395D181A7E1F,0.09997777320002238
CC_395E8CACC437,0.14554927792316913
CC_39635AC6A70E,0.05286501659603066
CC_3969352E3ABC,0.09330902161369882
CC_3985C0DF9CB5,0.5111305372692403
CC_3989F2C6A9F8,0.20840085207634845
CC_39A82672A1B2,0.07311954082597813
CC_39AA15DAE17D,0.6330899357243851
CC_39AA2A3D98CC,0.03235931648251534
CC_39AC257B00C5,0.10151447145124008
CC_39ACC63CDAEE,0.11220477846058005
CC_39CE40784C2C,0.2186303853083067
CC_39E1A306D418,0.16379414182497903
CC_39F2B11C46D7,0.07682789029403479
CC_3A10F5F50A27,0.04865557328795836
CC_3A27CF9D162A,0.5549676424101164
CC_3A297424A7F7,0.11501722732809666
CC_3A39F7930BF3,0.08665193170770687
CC_3A57566F9977,0.5742971335161022
CC_3A61121254E6,0.05323349746146714
CC_3A81C568A7F8,0.18543667879628178
CC_3A82E7050A4D,0.04943985665694359
CC_3A860AADE6CE,0.1374691228033003
CC_3A8B3FC29C9E,0.12172292630684864
CC_3A8E9056A5A2,0.09976394045728407
CC_3A9617A5777D,0.38699765521921436
CC_3A99D25777CD,0.13813840902001406
CC_3AA9E8D01340,0.5329906297738103
CC_3AAEFC09C290,0.7494375487895324
CC_3AB5E579843E,0.2785508976494879
CC_3AB77A30AD40,0.21265439239802972
CC_3AB7BA36A414,0.30048664178007345
CC_3ABA830A5BB2,0.12711465722113188
CC_3ADDDA550A57,0.10532061440095081
CC_3AE7B1151DC9,0.14440834460428253
CC_3AE9A209EE00,0.051205298772472665
CC_3B06FCD75C98,0.058357366398634786
CC_3B0722FB5E8E,0.31194985451460383
CC_3B1C51DD7429,0.16727194348399865
CC_3B1F4696D710,0.6181745293933669
CC_3B224413A072,0.2748814514965475
CC_3B35C3783CCD,0.24551786779442236
CC_3B3626F3DF9F,0.2336109854909949
CC_3B4405C7E486,0.5578907384537348
CC_3B4C4A9C9D99,0.3147192645783021
CC_3B72F0E9E3F8,0.20329239014604458
CC_3BB02A95C6C1,0.7450026538719261
CC_3BB8B675C2BC,0.42313426400987075
CC_3BC51B069218,0.11665457796948997
CC_3BCA5BD201AC,0.1633285743391975
CC_3BCAC9793441,0.33216455698394165
CC_3BCBC867AC4A,0.039949329720051156
CC_3BE51412ABE7,0.3985241062955641
CC_3BEA98B401CD,0.6743889468098516
CC_3BED6DF1ABF1,0.14582849457493552
CC_3BF0BF7CF827,0.845511207381855
CC_3BF110035599,0.6268247134145879
CC_3BF213810DEE,0.6771699566511165
CC_3BF21CA88D3C,0.42546871886068105
CC_3C0E29764C71,0.06647663270468618
CC_3C19509D4636,0.1252841971403793
CC_3C1B038BB068,0.14951796313194204
CC_3C594CADCA2E,0.19394075410348874
CC_3C5D909498F7,0.6924519358567329
CC_3C68D5179A01,0.10809721315097628
CC_3C83955704BA,0.7793265770868533
CC_3C93218F41B2,0.3221724894258049
CC_3C9CFC8FB4D1,0.7651374156448643
CC_3CA266EB55BE,0.09656515747691795
CC_3CE49C937F7C,0.09273281771797756
CC_3CEEB9C04F0B,0.3950941870764402
CC_3CF504AD4DD9,0.08300865094877903
CC_3D1092DBC5C2,0.25066913375886185
CC_3D185833E7BB,0.04490200365355351
CC_3D2309981121,0.3338822312780184
CC_3D27A0086AA6,0.18695925012194636
CC_3D3BE7D0F4D8,0.12583587444689837
CC_3D412B5EA919,0.09060901711860794
CC_3D47650C6F30,0.08034146937939719
CC_3D55D1FD8457,0.05334354042282284
CC_3D599501BA76,0.0704288914793708
CC_3D6181EE3C87,0.6563070810895375
CC_3D65CC165F44,0.14489049359086958
CC_3D6CF6DB8014,0.46680386244929967
CC_3D7C14801D40,0.19225298674589325
CC_3D836BDBF866,0.6270260810766404
CC_3D8DF3A3DB71,0.7904621102970384
CC_3D9309851089,0.1701744213319305
CC_3D9ECB4274C3,0.12002509183774984
CC_3DC8A9A92802,0.30105932319749973
CC_3DDD3813D1D4,0.09797241375655091
CC_3DF3FFB3CFC7,0.11686578659556136
CC_3DF88701601B,0.14428137049310794
CC_3DF91A482CFD,0.3135949957709251
CC_3DFD6349D046,0.6462138247262429
CC_3E0D54125AE0,0.17484080347048403
CC_3E10CFE1DD57,0.05030636900448929
CC_3E13CB98572B,0.15268480681071706
CC_3E142C8ACA6F,0.0944866516950878
CC_3E1BAC4E5B90,0.06238006032276444
CC_3E2DD0D1E2D8,0.13796659646451978
CC_3E403BF08A45,0.0903531541747832
CC_3E46368104AE,0.0906986654194873
CC_3E48A086B5C7,0.27952825769476464
CC_3E54451B0F6D,0.08819950611090346
CC_3E6335ED3F4F,0.08647306987022907
CC_3E87A65C50A5,0.15657632975421323
CC_3E91109E2090,0.06529223588417196
CC_3E92A1EDA618,0.2419908071076939
CC_3E94684FE270,0.4660411632681885
CC_3E9DB402F352,0.18929587342013374
CC_3EB5A15A6C04,0.8082319310215424
CC_3EB8A9A6C49D,0.09739591315808907
CC_3EC96BC884F2,0.12142647329148518
CC_3ECA9E44B90F,0.2634417227842633
CC_3ECE4EF16A44,0.16319519471752733
CC_3EDDB8E70F57,0.2220116632874159
CC_3EDF137D0E1C,0.14571721766546916
CC_3EEEE844410D,0.36191278682153016
CC_3EF4F348C967,0.11769865061867815
CC_3EF91DD11A81,0.1386255815005819
CC_3F08C55E7A40,0.19282869815940612
CC_3F171CED0CFA,0.02836015614932195
CC_3F2544EFA753,0.1324529943365485
CC_3F28F3286CCA,0.08369668378689735
CC_3F379CB37B0D,0.1808923622787476
CC_3F42D798AB1D,0.6488606185090565
CC_3F48724540D5,0.1519088662687668
CC_3F68068E2D5E,0.10281395640017593
CC_3F7FBE71B77F,0.06493655578503725
CC_3F80017B8599,0.056927846306798285
CC_3F8B17953200,0.06908905169397514
CC_3F964BADC4BC,0.7755675353238858
CC_3F9767602FCB,0.19045576886170001
CC_3FA84F0B23CE,0.05562061291486475
CC_3FB4B189143F,0.1524926590512205
CC_3FB7C976EB26,0.46655122922596554
CC_3FBCEB2F36D5,0.10664893404698692
CC_3FC4FE843245,0.10701679403579167
CC_3FD52E32FE8B,0.6465964869078206
CC_3FDB44EC6254,0.045349234308993486
CC_3FEFBD6DC62F,0.2559999086256953
CC_4005466D00ED,0.3905646614790246
CC_40095FFBC1A2,0.05667773853390845
CC_400F1887A662,0.123760497175748
CC_40133FF3069C,0.0900778308776364
CC_401C6F0EED5A,0.10889888414919716
CC_4021AD03FA01,0.1427223573286872
CC_402E91F3A56C,0.12485689829635634
CC_403754B6988D,0.09685452497610836
CC_4052DFCB1656,0.23013738598965874
CC_40579C5C13D5,0.8414800097658097
CC_406937FF97E7,0.08687207700261222
CC_406C4233347A,0.1845594121480631
CC_4073E42E11E4,0.19457660997130655
CC_4077BB12A5F4,0.10570567295268768
CC_4077DD5B5C4F,0.14716577391380387
CC_40824D899215,0.0807774125741499
CC_408D79189FBF,0.3070566318360244
CC_40A3F1D5EA0F,0.3501719307381562
CC_40A852A592FB,0.11374028919766446
CC_40AADA91D560,0.23164384273538155
CC_40B39CB2CC58,0.03868877373752456
CC_40CE2030F058,0.06789233176228303
CC_40EA2F8481E8,0.16163026151773854
CC_40EFD7778F98,0.13372032158680594
CC_40F278D49681,0.30968794073254374
CC_40FFCF631F19,0.39300165282436605
CC_4101D1B82788,0.17838717598371268
CC_4109B79A4B06,0.03930160372426333
CC_4119348F051A,0.12034326373430021
CC_41206EE45803,0.07756451121949591
CC_412DF740DA62,0.1368829527452325
CC_413AB4CA7451,0.09285398807923778
CC_414C06C60FF7,0.6840161376640068
CC_414F50748A51,0.056165362959099435
CC_415C65EA66AA,0.054064699682807846
CC_415CED95F7CA,0.1487826214143601
CC_416584250060,0.11048047717189882
CC_416B3A1F0F0B,0.0870230480215627
CC_41735021FC7A,0.20317838322351495
CC_417858CD20F4,0.11067421515324177
CC_41902EFB3974,0.052670530504857496
CC_41A27790EFBF,0.11685983877420389
CC_41A4A223F39D,0.1080657057502507
CC_41B464757ED6,0.1022001551112065
CC_41D1A87E1136,0.41956983062188724
CC_420FE297808E,0.036426161737304515
CC_4211096D5588,0.16419251226908477
CC_421F4D78128B,0.47700284305679674
CC_422F2780C85A,0.2853989828322154
CC_423B0296BE24,0.07644598428697952
CC_423E78000AA5,0.14943316740296575
CC_4246081DD359,0.109703228448254
CC_4249EDF2FDCC,0.8274987155631421
CC_42568C67F412,0.35372480541296286
CC_426A25EA9E21,0.7223487722735845
CC_427ECDDEECE6,0.29823722736801406
CC_4289EEC8F0A2,0.16848398944405962
CC_429A7158AD07,0.12608109143498142
CC_429C51AE729D,0.04305609180739523
CC_42A0DE1E5E80,0.08211979012407486
CC_42A7D0F5388F,0.08774011106528695
CC_42B23C8C9F66,0.18991402098020643
CC_42BD3999AC3E,0.25776300741800695
CC_42C95B199130,0.42661871498416104
CC_42CD6CE97523,0.49602463749027315
CC_42DA114F12A2,0.2786664163042535
CC_42E2736AA331,0.18124435375402928
CC_42EA825C351B,0.4357015474277388
CC_42F1B2B4D258,0.5752208518936317
CC_42F4588EB38D,0.2945563183049692
CC_431F29A12E99,0.19184259264600756
CC_432EB78A198D,0.22987683557819616
CC_43383344BC72,0.17950729773423704
CC_4339187DD10A,0.06076818693026581
CC_4344A2E7EA1F,0.5281618986841239
CC_4347468ABE51,0.5389237188924703
CC_434894BC2577,0.054047892313139057
CC_4362DB93FC92,0.08173623487416141
CC_436850DDC704,0.12671346526999966
CC_43698E2EEA0A,0.09096339434189815
CC_4387F73F131E,0.127755971875897
CC_43A33C994C70,0.302464573242026
CC_43ACD82B5514,0.3166928013372793
CC_43B37131B8FA,0.17519747846925268
CC_43BFCAF8BD20,0.1793577981377602
CC_43C060E01266,0.2122912943249473
CC_43C41AF27375,0.05773724815890047
CC_43C5AFA48B93,0.06738842559244308
CC_43C767A44C55,0.18400967665552243
CC_43DECAB53552,0.05191880176434123
CC_43E6D931158D,0.38285937486063193
CC_43E9F88019F8,0.059266731865866715
CC_43EBD6EBD675,0.07661929524247693
CC_43F81C577002,0.3132559477684872
CC_443C4E041687,0.0785711361547915
CC_443F63BF238A,0.09875725924438677
CC_4463776F9AA1,0.11237148100413803
CC_446F1EDF03C8,0.07080577060071418
CC_447BAD4F7820,0.8926790063098655
CC_447D02F917B5,0.056054104952266245
CC_447E705746E2,0.1731953056003918
CC_44A017104F93,0.6233670858464888
CC_44A1E58CDBC0,0.050336802609193564
CC_44ABCC04C418,0.08252309292627666
CC_44BF6BCCFC2E,0.04423793039060648
CC_44D0671A3B87,0.11174504063003228
CC_44DBEE3A7D81,0.17085213044155229
CC_44F7DD6A88A1,0.1950018420231296
CC_45080C42280D,0.21552490957695994
CC_4524AD74135F,0.4237904909012423
CC_45262103231F,0.1946334740771749
CC_452D8C5D039C,0.8356524614399239
CC_452DECDBC90F,0.07417854917040578
CC_453C9B3A5992,0.49492228856391696
CC_4542AACA1FE4,0.10427915835249571
CC_455209549D3B,0.831466856695082
CC_4555C804C4D0,0.07194251426147466
CC_4581E4190B2E,0.10597774319097092
CC_458912F91D6F,0.41005776405052574
CC_45913E1BE65C,0.3139009263218429
CC_4594791FB40D,0.11479754602557729
CC_459B49073E2C,0.3110259276093577
CC_459EA8E0E2EF,0.12321691044120317
CC_45A4A38557E9,0.14366138159334108
CC_45ACE2B1DB6F,0.07498466000662293
CC_45C1A92F0E8D,0.09870337205554247
CC_45D0673EDD20,0.12792912001175755
CC_45D70DC84DA0,0.09246953011366414
CC_45D96479EC1E,0.06270542418376825
CC_45E8597BF74E,0.06964990816937501
CC_45E97246F83A,0.306393640748728
CC_45EC44761309,0.11376714769091734
CC_4603A6F83E2A,0.06782469762317786
CC_46045CEE8330,0.07470845281811518
CC_464E17187A4E,0.383703150722148
CC_4659FB4B8536,0.15703953167890794
CC_465EF4F9B68F,0.16869749556445557
CC_4663FDE62E3A,0.2621410967149861
CC_466D54BE0809,0.08002075053338883
CC_466ED9BD34B5,0.07254198507338852
CC_466F7908E13D,0.16511728760720445
CC_4695A5525A11,0.13830916203758886
CC_46BBB8A4854A,0.057339171850220416
CC_46BC61EC8F2E,0.1918939799948262
CC_46C0DFA660B0,0.11985977244537949
CC_46C2DCF84CA0,0.11833988355900499
CC_46C38B9F0D8E,0.10239127104391499
CC_46CAB9AE7C87,0.5280317730419872
CC_46D0D1ADEA59,0.15000334356753386
CC_46DFC1AA0821,0.8143861499563632
CC_46ECA5976180,0.13866415046396136
CC_46F5F6D27991,0.08298330333234083
CC_46FE9F226120,0.23746428222415367
CC_47130CC63FC5,0.17950080061669055
CC_472330768F5F,0.08990929687011917
CC_47292EBB8BD1,0.13316073636713888
CC_4734AB1281DA,0.05740842397490826
CC_473989E6BA47,0.2629519277213569
CC_473AE07014DC,0.17683439548537844
CC_4741EF45C3DB,0.21619045606332804
CC_474586BE49EB,0.14928182253142255
CC_47490BF44944,0.2816845882004583
CC_477213DAED38,0.07414739311144034
CC_4778086276B7,0.12065386541686246
CC_47910B073CF3,0.1343284368330348
CC_47939776FDF6,0.7071835003934649
CC_4796F6A64420,0.06252439151330748
CC_4798549B52ED,0.29317414678363296
CC_47A3714E7D2E,0.3066537516318537
CC_47CE219EBAAD,0.1856058761285941
CC_47CF9074E03E,0.1460668673529697
CC_47E4537A53FD,0.12241939974600366
CC_47E8BC938FA1,0.14882296148666707
CC_47F134D17818,0.12537996863742296
CC_4812FBE05C7C,0.3389749673100386
CC_48152725FAB1,0.5740012281479557
CC_482256495FAD,0.6998061804945894
CC_4829FF15D21E,0.15051617014244434
CC_482D26D81935,0.6637951007873394
CC_4838990A8D02,0.07723122140188707
CC_4862EA9CD1DD,0.045155863526470844
CC_4862F8C1B0AC,0.08133824332679071
CC_486CD67D26CF,0.1626547487902379
CC_486D8F9AE549,0.29620509990761035
CC_4877D1BDB737,0.09894382710893804
CC_4885E34F0B26,0.1365911882722843
CC_48928CA8082E,0.15805839763696017
CC_48A74FF0E6C5,0.09316626327279845
CC_48E0791DDD62,0.08509382172816235
CC_48F620B6A472,0.10209249286091704
CC_48FDBB1D7493,0.14218580845297452
CC_4910EC928152,0.1289960281682494
CC_491C18C17767,0.05814489769309214
CC_492F65EF8D9D,0.8206561918793036
CC_493DDD53B97E,0.051925987016740116
CC_495F82AA5B9B,0.16331621869893925
CC_49618412FF86,0.08871889508550851
CC_496A7CFA344D,0.776218066297851
CC_4983EBABAE3F,0.07090344902985177
CC_4992C1915957,0.6565374768948069
CC_4993B31028A7,0.0708505498987563
CC_49945441A644,0.18518917202058996
CC_49A80692BC68,0.1101679106110528
CC_49AB67613A58,0.1586101593605829
CC_49B05CADDD95,0.5158326960685553
CC_49C6F9AD111E,0.10172026311278248
CC_49CEB94F0B3B,0.04355290830827116
CC_49D3A79B55CD,0.07736507775669171
CC_49D6671DAE8E,0.10902239274072278
CC_49E6C539B1CF,0.06057185356815533
CC_49EEDF0DA684,0.033046419407356774
CC_49FC290E33A7,0.17005001192195213
CC_4A01CF2F67D2,0.7503181571479616
CC_4A16DC668832,0.4879061087068527
CC_4A212461781C,0.07124653109040681
CC_4A237A8E6706,0.13621040518649752
CC_4A3DFA0E27A4,0.14033396530021397
CC_4A513D39DCE3,0.05954078264959901
CC_4A532B0E6165,0.15826542174363997
CC_4A5FA9F1C804,0.09207817740275465
CC_4A7BDEC665FF,0.06010256358344236
CC_4A7FC9B23222,0.3273712217862352
CC_4A8A7080FA25,0.2721484131959796
CC_4A8EFD589879,0.06812759601207484
CC_4A8F7D2B857C,0.17005894043961256
CC_4A91E8D4289D,0.36865719072880876
CC_4A93163A12F4,0.3087389787394582
CC_4A9FEF48EA65,0.1137282917251542
CC_4AA73D751AA5,0.3066588504819429
CC_4AAED0C85F70,0.13403911618384381
CC_4AB1DEF044AA,0.04342759766125164
CC_4AB5AE299217,0.20282092924790926
CC_4ABA0CDC2270,0.16750250400233796
CC_4ACFFC2F295F,0.6725111215346915
CC_4B0490BAB1B9,0.07534402462857992
CC_4B28B03CEFEA,0.09010292585388183
CC_4B420765EB9A,0.11870307026623786
CC_4B47C16D9867,0.11453861517167394
CC_4B494C4D7D03,0.41344355328404636
CC_4B4C84B015C2,0.045727585523120895
CC_4B607295E983,0.04614484669831345
CC_4B6D24E81483,0.0688686830113269
CC_4B77AF6FAF2B,0.7036842400874278
CC_4B7EC3F2FFBA,0.05356967531347975
CC_4B85318DFA50,0.12634509226376603
CC_4B9B36B36DA5,0.7894169486762647
CC_4B9E0AD5D692,0.536171503258672
CC_4BA041C9678C,0.1068333974687023
CC_4BB40F2129A6,0.08268769766452932
CC_4BB8FD274E2A,0.05736772042849364
CC_4BBB8118FBBB,0.14110066268986032
CC_4BC8CB91719F,0.11730808391944837
CC_4BE447D54BB8,0.14551560690913928
CC_4BE85B1BDB62,0.3393247916960497
CC_4BEF3C7F6395,0.24547873082878974
CC_4BF03FF61B97,0.4568676035107878
CC_4BF4C38EAE8D,0.247051855586612
CC_4BF95B8140C8,0.09780596764555347
CC_4BFE0CB61B5A,0.482776944228936
CC_4C2A3F254101,0.36998242246883595
CC_4C351DEB6230,0.2427919639736642
CC_4C38031A2A9E,0.1139641255493186
CC_4C3E35875F03,0.1025393550773289
CC_4C4D79F933B2,0.12347030590010727
CC_4C56497F4AB0,0.6846748505978986
CC_4C827B493CFD,0.16523557090280205
CC_4C849C6073AF,0.10252250704456577
CC_4C869E6F618A,0.1599745466045973
CC_4CA21C15763D,0.12199871131422393
CC_4CB2F1CAE684,0.1123452654445247
CC_4CC0265E0778,0.04074675173392897
CC_4CC5483903E9,0.5708685315514141
CC_4CD7C76FE235,0.43405080689317677
CC_4CE2BFED4F4C,0.08459402528042384
CC_4CE751CB58FA,0.4386521833002812
CC_4CF3E184C500,0.046669780017397466
CC_4CF668E60D64,0.27909402305652975
CC_4D1A1AF53E18,0.03783972522125313
CC_4D29155FCF33,0.22320180904652842
CC_4D2CC7618AC2,0.5408058313431146
CC_4D350FF7402B,0.3577841206463815
CC_4D38AE84E3CB,0.197960921336636
CC_4D4140E1056D,0.08377318366295146
CC_4D5545FAB130,0.6011760333576319
CC_4D55E218946E,0.0921615751506332
CC_4D5E14BD6AFA,0.0961806799855629
CC_4D78935D66E9,0.05617017836509933
CC_4D883AAAC6C9,0.035288639649622235
CC_4D8D8108C51E,0.6543289284970715
CC_4DB40331777A,0.8030268814416455
CC_4DBC8652D26F,0.0963691880037062
CC_4DC0E154EBB0,0.7695512466235226
CC_4DD5B8780C4C,0.09200272872598245
CC_4DE0070FF683,0.14807155767709962
CC_4DE688CDBC27,0.09216297790238392
CC_4DF37857FCEF,0.07518877315483843
CC_4E20F0249BC6,0.8017376130934917
CC_4E2F01B7B9EE,0.17379706519925336
CC_4E41C247B4E5,0.16180287708801272
CC_4E479F6989A1,0.055864254258165116
CC_4E48AF17BC29,0.08150998895941157
CC_4E6BE67E3C4F,0.03610868408521078
CC_4E70939C5933,0.46604204617225087
CC_4E70FB172717,0.17930888495095398
CC_4E726EE8C026,0.25659263205869925
CC_4E76F48DFDEF,0.09082044008558847
CC_4EA180B2B913,0.027477272763332432
CC_4EA67A160C3E,0.5912720764595317
CC_4EE41FC91AD2,0.18788692063609858
CC_4EFECC6C2E36,0.6396139158304748
CC_4F22CB97C34F,0.047927584388906555
CC_4F2444DC6C75,0.8355963014728741
CC_4F2B7F512DD5,0.07202088699590474
CC_4F504A9744FB,0.11743898548683157
CC_4F6FEE589187,0.12755483086020103
CC_4F71AAF96C32,0.07668477865500015
CC_4F76E57C55EF,0.34907821221928403
CC_4F88D3E5AA2E,0.03909482857734538
CC_4F8A4384F6DE,0.12270368617568625
CC_4F8D83DCCF25,0.21756393661516096
CC_4F956AA47816,0.6720012638182326
CC_4F99FCEA10E8,0.10378350903255884
CC_4F9F10A183F6,0.09375789168790152
CC_4FA766935F14,0.09459506669602974
CC_4FB0B9E398F2,0.3006296220494078
CC_4FD0DF6CA3AA,0.05243214619647853
CC_4FD902F7ADEC,0.07140131652955972
CC_4FF1155E3A6B,0.3568939757132902
CC_50103368F241,0.09049183751065704
CC_5012B9991935,0.11788046210038505
CC_50172FF2C2C1,0.12693880641285007
CC_5017C9BA7773,0.05986466466182461
CC_502C3D0EC4CA,0.09995529917135981
CC_504157951119,0.0544418448204986
CC_5042938B5A9A,0.4636344933297291
CC_504A57293FE4,0.8301305685969101
CC_505812CFE43B,0.3654758036414701
CC_505A6EB06E39,0.2801032682177548
CC_5064CCE0EF29,0.2154842524093258
CC_507BDF639FB5,0.17048205469957187
CC_507E53684AB6,0.1283562067590972
CC_5087A0D1765D,0.1964486800477106
CC_509229AEC221,0.20553931730738395
CC_5092D3A72B03,0.2199302579670832
CC_5092DF691F74,0.5304777276079619
CC_5094BB59416F,0.20544116430621367
CC_509926B384D8,0.7851488295229192
CC_50A6C96DA7D3,0.061820332426069095
CC_50AE75A10F3B,0.28424121491575516
CC_50D4BB93EB1A,0.072688533038019
CC_50DF7B02E356,0.19467403943361536
CC_50EB53CFE7F8,0.054936794626939754
CC_50FC7D563CE4,0.15015881185482974
CC_5100E6EAA3FF,0.19514110234715043
CC_510F2944B2A0,0.11730094489476066
CC_5128881AAD54,0.12452848725106014
CC_5138941DB7A2,0.15512586906653017
CC_5139EF8BEAFB,0.1577260912203727
CC_513E5EEC6B04,0.11911653851606885
CC_51427EF15375,0.3013529428695578
CC_5147B281DA64,0.35877338363886213
CC_515D968ED36E,0.08616201611737606
CC_5176FF858154,0.1167652226602089
CC_517CB40FB016,0.08042253694924098
CC_51884D5F3E4D,0.10997225704144044
CC_51AE98263438,0.14548750295136514
CC_51C9CE782368,0.1503268751789045
CC_51CC80D1570F,0.06806195360494768
CC_51D2E3476902,0.069738469016703
CC_51E05E706D64,0.11628782277125935
CC_51E5A5E9801C,0.05624815799940722
CC_51F5DA44F9A0,0.4181972429160825
CC_51F6BDD355F4,0.05524315954955053
CC_51FE657FE212,0.10387007694515828
CC_520950C9BAA3,0.05423841891938705
CC_520B1D31AB99,0.1061838606596206
CC_522550E1761D,0.7665745887899061
CC_524CD519E76B,0.10922735025012584
CC_524FE9E3DAD3,0.4986568849147292
CC_52629A025048,0.12902972405859944
CC_526765FC100C,0.2520156686198532
CC_526E56249FFA,0.2646356419538013
CC_528B42A34966,0.2569630707778323
CC_5292B36E4882,0.2491104020334328
CC_529A2F110236,0.12892440835784458
CC_529BC4ADAD6A,0.19730032759073673
CC_52C1C5A6F887,0.08406550405271601
CC_52C3B674FDFD,0.23531284533761132
CC_52CCBB8F9964,0.08082163632386008
CC_52D21FFA24DE,0.7586190726385551
CC_52D32EDBAA78,0.2020153752338907
CC_52D7821A8363,0.14200422462451995
CC_52D9087EBCD6,0.826741342139508
CC_52DD62E1AC2E,0.17755267673837188
CC_52E8B04F0FA0,0.11976800817094962
CC_52E965E9E2C3,0.147765730364778
CC_530BA492842A,0.2982900074583046
CC_530F6E906D6B,0.04426653938546693
CC_531FCFBE3B13,0.0981419831780101
CC_5320DFEAD897,0.1742118770935276
CC_53319AE7B829,0.6365355510474529
CC_53481151859F,0.04367759439577771
CC_534D4FC05F82,0.17550352960823373
CC_53687DA8C9E5,0.330801112811545
CC_53795A7B7751,0.05285059202467967
CC_538328A6B3BA,0.3824187835981381
CC_5385266461B1,0.16896613901991048
CC_53891CB35BF8,0.18340341920859227
CC_53A6E1083B13,0.07950205665645987
CC_53A77DA726A4,0.08680462337578246
CC_53ADBC2F6E34,0.20425176272059128
CC_53B249809561,0.09216383706216469
CC_53B2DF5B019C,0.060373404690193005
CC_53C1F3E031A3,0.1892184433799473
CC_53CBF2E8AD05,0.4924120458923785
CC_53D04793ED9D,0.08316310475451177
CC_53E23A9B6F74,0.06403299831474593
CC_53EB59C99100,0.40423527896715755
CC_53EB9AC04311,0.0936542661881351
CC_53EC732C9B30,0.030008151923434333
CC_540122E71534,0.1435649976539084
CC_5405C89DF8BD,0.7493000454877223
CC_540D69F5BA23,0.16660466342709085
CC_5414446319CC,0.7538629064532174
CC_5418410F95A2,0.07729642121182644
CC_5431A01C30E4,0.08931010046029297
CC_5452437FC605,0.40501997341682694
CC_5452979BF98D,0.07763005171035989
CC_546EE83F84A4,0.5069918946626445
CC_5473268241FC,0.15684154344436757
CC_5474EE64D859,0.3592865751680333
CC_5476E2B2FCA0,0.11614151247298304
CC_54892024F98D,0.18449052767697413
CC_54B33C66DCF7,0.08690129964746382
CC_54CF66B660B4,0.453050516398328
CC_54D3A35EC69F,0.05943243129650605
CC_54D6AE2665AA,0.10654085031773214
CC_54D93974E62F,0.3544657221386779
CC_54F5F552A0F2,0.12572136667266295
CC_54FC3B361BDA,0.09139068320468828
CC_550135E8FAC6,0.14366653358216339
CC_55020AD0D117,0.1334527462319745
CC_55094AF7EFEF,0.10125534997392086
CC_55126E23462E,0.04711037663964948
CC_554C21CCAF3E,0.0958606493994772
CC_554C912C7DBE,0.07357402450228803
CC_556B02A2B401,0.3600764091583407
CC_557A0B0CD0F4,0.14962437360684328
CC_559A14E729EB,0.2974253774250378
CC_559F0DD4E4A7,0.3162575072448738
CC_55A82B4E57F6,0.1503197820049867
CC_55A98ABE4C75,0.12565985887354436
CC_55A9D45EA466,0.038905492166763415
CC_55CB872FF50B,0.2383735977086554
CC_55D9E3D58435,0.1996731303004646
CC_55DFF3C3BB46,0.07669743548838891
CC_55EDC3996984,0.13705642474293117
CC_56013299D8C5,0.11280106696141429
CC_560B519C1F50,0.0848534787353038
CC_560CABF0F5D0,0.16932795441962467
CC_56178AD87948,0.24397276009398022
CC_5619A7BB54EA,0.09366002074245447
CC_5624319D7B28,0.09865134544287354
CC_5625119D6C37,0.19952020003962057
CC_562BE7245E1B,0.7174429148849719
CC_563684010DF5,0.6213312476420064
CC_563EA9A29338,0.1053145881287901
CC_564590AFB575,0.032359196650474695
CC_565E01191BF6,0.6379087930725729
CC_56612A039382,0.06472111795814081
CC_5665FB827721,0.5638850328714087
CC_566932C3CC97,0.10995611099998875
CC_5671D59B2A51,0.12464256809819242
CC_567E7DD24A97,0.08332800362845014
CC_567F47F37683,0.03700419441799388
CC_56847A91065C,0.1152157766750644
CC_5698480F8634,0.06625528519890411
CC_5698B024CECC,0.5760476429512067
CC_569DC051A2EA,0.10337481312890101
CC_56A322152604,0.3639921315379637
CC_56BFD9A8335D,0.33833216632119045
CC_56C9379BADB6,0.0445108302197697
CC_56D410FD8F56,0.3932411408877239
CC_56D4549919EA,0.15305389930698055
CC_56D918CA6353,0.13178907017517877
CC_56DB30CE666D,0.12891585142323864
CC_56E760C3206D,0.2578901599026618
CC_56F73F905615,0.8538898590396043
CC_570683C088DB,0.13102758416641636
CC_571C6AFD00ED,0.3832354156848674
CC_5725663C3B89,0.10249829875486799
CC_57291D7667C8,0.15903191759989416
CC_57313F6E7927,0.18844107778037367
CC_5735F9B859AF,0.6387625977588258
CC_573B34826B2B,0.6950019911722174
CC_5744447CAF7A,0.06738010590558977
CC_574CC0FC7B05,0.12621818056191486
CC_5759E2982909,0.0967839671240277
CC_575CCCCDD7B6,0.665329354219937
CC_57603A37D19F,0.041935641843151725
CC_57639D4995CF,0.2515881607517938
CC_576E6676FD55,0.05349806151453415
CC_5775C148E05C,0.12386335851125939
CC_5798E560E9F3,0.799943963600878
CC_57A486F61065,0.509623638840895
CC_57A726458B99,0.060047114353513745
CC_57B0D41BD7D3,0.3218190132826367
CC_57B501E60C35,0.07233109344224858
CC_57CA90509CB1,0.7726110793063206
CC_57CB7673547B,0.08214729712946062
CC_57DE479CB61A,0.7767349407800852
CC_57E7F1A6B895,0.03716225814960929
CC_57F13C4115FA,0.38274943601857553
CC_57F480CA9A42,0.07985781345620868
CC_57FDFC6DE726,0.21943278732097535
CC_5810468B76BE,0.12874827657553709
CC_5810F212B2EE,0.32619688011817455
CC_5817759E7007,0.13182004271661518
CC_5818B5089B3C,0.09944460821296736
CC_582C78363EB6,0.08713100597006253
CC_58391600720C,0.13512047320207948
CC_583D7B177F85,0.08600018471028842
CC_584C11014F63,0.12369754292554758
CC_584CDC12578D,0.06715694112453204
CC_5852F443C55D,0.08521853214077843
CC_58565AF0F70A,0.5277818113070353
CC_58568DF9AECF,0.18020647707076454
CC_5859EE6309D5,0.4763116927797223
CC_5872B45E1C19,0.7994664161660394
CC_58797A417EEA,0.19647143053223576
CC_587A4844B482,0.20171025028909034
CC_587C0CC3DD82,0.5992000784290817
CC_5881A04052CE,0.09320703552088119
CC_589A4E02EF81,0.13420512914570054
CC_58AB46E5655E,0.16430191761933538
CC_58B0CFC9F3D2,0.06661148284726887
CC_58BEFDA6B4C6,0.11879955610601861
CC_58D95C7247D5,0.058710082561333726
CC_58DBF3409D48,0.07452747513789554
CC_58E35A47B880,0.17247622140993613
CC_58E40EFF57CF,0.40647091125465523
CC_58F551219BD6,0.05388224765725641
CC_58FA76C6C45C,0.5779341489956467
CC_59018149723B,0.05769832783880362
CC_5904459ACECB,0.7984861524998799
CC_59088B2886E8,0.04118637292661853
CC_590D2E0AD18E,0.5956386478216439
CC_59146CA05E8C,0.07129997150902785
CC_592592397DC2,0.5303631647218366
CC_5926F5B4E054,0.15070849941169567
CC_592A5A163624,0.3368600592343851
CC_5941C323917F,0.07396171748553025
CC_594E4E86A1C6,0.1822050418413848
CC_595ADAA76A32,0.08754289348566685
CC_596A20270C3D,0.1766084771769743
CC_5970E93E11DF,0.2772443441988835
CC_597AD111527C,0.11115089265127029
CC_597FDFFA265C,0.10184022558582921
CC_599C287D2BAA,0.3667023005921003
CC_599E345094D2,0.12507604497269664
CC_59A4741B5A92,0.15545877887351195
CC_59BB3A5BA2A3,0.5816213327686067
CC_59BFD1200F6B,0.1608543118706099
CC_59C07CCAF4E0,0.23945179860687443
CC_59C49474B501,0.12455347847317932
CC_59CFBC2CA471,0.6194888113372086
CC_59D62BE0C0C6,0.12250570074143241
CC_59D86F572716,0.10061611727403022
CC_59DF71FBA4B0,0.042593341141414026
CC_59ECB7465DCD,0.0519187760968155
CC_59ED43A803B3,0.033745735986667344
CC_59F5E81F4EA0,0.13447654681274462
CC_5A10371BE7B1,0.8314193220379257
CC_5A2F9A594A05,0.5306425916850972
CC_5A38E46246FC,0.4884243595306317
CC_5A3F52B0A07B,0.22362156192641275
CC_5A5507A49F6D,0.09127003497175631
CC_5A58A5E6DE82,0.09783008552045264
CC_5A5BB6DC1018,0.18201086422734766
CC_5A5C0DF50E01,0.11113650557063473
CC_5A633C535360,0.10365577514628838
CC_5A67E62D8D5E,0.6862437421313661
CC_5A6BA0007593,0.1284908926689176
CC_5A7513434C72,0.03442320135948668
CC_5A756D8AE60D,0.2072691801809739
CC_5A7C13841B7A,0.6500036894638431
CC_5A7CBB6E8716,0.20749697459795882
CC_5A83A1E25A2B,0.3717926540207098
CC_5A86EB53A14D,0.7526687988498115
CC_5A89E13CE597,0.18202336600177688
CC_5A9466D0CF9F,0.11180273203224077
CC_5A95331BD0C5,0.12794404276951155
CC_5A9F63C3E428,0.05513995104269773
CC_5ABC76FF707A,0.051510802812692776
CC_5AD0F1B43457,0.08572927949849862
CC_5AD82250C271,0.040044942597187855
CC_5ADD27165E38,0.7136713029637483
CC_5AF32E5C8018,0.047610625639005255
CC_5AF3690FA0B0,0.18095061499278192
CC_5AFDFAA63B45,0.136700644961306
CC_5B025DA26FE6,0.051771250373810924
CC_5B07C7DE7E7E,0.21355259530668885
CC_5B08171A6880,0.18902112761073153
CC_5B09FB1A0BE2,0.07945055757373126
CC_5B0D6BA12702,0.4825471024631594
CC_5B0EF2D4C3CC,0.15360676392565092
CC_5B195D88C182,0.34289916626996764
CC_5B1F6FE71A38,0.05967053428520783
CC_5B247961602E,0.062407454544915204
CC_5B276421F4CD,0.05284369499441999
CC_5B289AFA1662,0.2815982395776493
CC_5B3A16421A31,0.04384496534074405
CC_5B3E78897EB7,0.056755621802181445
CC_5B480B44A9B1,0.12542063737882309
CC_5B546C3A21F8,0.15941739364862134
CC_5B5BC4023EE7,0.15408940945649774
CC_5B6D63DD34B7,0.08910828626031152
CC_5B6E868912E6,0.07075392449905797
CC_5B818D2581FB,0.14007057412113874
CC_5B82E8BB921F,0.2907963093346564
CC_5B8E8DA14EE6,0.15710966168776053
CC_5B900A135A69,0.08063783589643775
CC_5BB64BDF3C99,0.08840204599323628
CC_5BCB2C79D1CA,0.21161873847194976
CC_5C072DB8586F,0.06060620363675752
CC_5C0BEC2A0850,0.09114703929434606
CC_5C24010127D1,0.3033340286252077
CC_5C2DAF5E0EB7,0.44113088919034327
CC_5C3E8DB90978,0.13567480225010453
CC_5C4A7CE69975,0.2969612504560666
CC_5C5766F933B0,0.4606628906656795
CC_5C5808240054,0.08880049840259377
CC_5C5D6E15EA27,0.18404139679122394
CC_5C60C4545922,0.13347014548379804
CC_5C626D70F6D6,0.14599641230673926
CC_5C670F0622BF,0.06328249298082964
CC_5C799E57EF53,0.0574287334430144
CC_5C7B44735AF4,0.16130382398425355
CC_5C7D8DF047E9,0.15296588186939925
CC_5C80F394EFC3,0.1358282046322825
CC_5C99E6189441,0.10232677021002924
CC_5CA9AB4A6AB4,0.10970038742771367
CC_5CB78ADD2432,0.1353867265170768
CC_5CDE37CE08CF,0.05436880731828804
CC_5CE258D12432,0.3366191101384772
CC_5CEEF006ABF9,0.06027730155354711
CC_5CFD2850E277,0.2425226687943302
CC_5D01F71B9FAD,0.12097316875905764
CC_5D065A455A45,0.20559310517858836
CC_5D0AA7D4954A,0.27507854889730926
CC_5D242448B812,0.11781204597143326
CC_5D2C5115BDD2,0.18968049527009126
CC_5D3273E039AF,0.6497931796048705
CC_5D398BB3365B,0.08174502630701472
CC_5D3C1CE64952,0.1047133298711326
CC_5D4B0EBB5CD6,0.10414249100281303
CC_5D5E897588D3,0.0900068754607281
CC_5D65F25FFB8D,0.053273230434416716
CC_5D665A86C465,0.10336749698832232
CC_5D80C353E475,0.10102905891324598
CC_5D8895A0AB4C,0.18886129150476136
CC_5D88A673BF50,0.21586695454142543
CC_5D89688B69A9,0.41350818484054874
CC_5D8AC8E18A8E,0.06582717839687716
CC_5D8E7DC2FA6A,0.5259618110630778
CC_5DA29AD9E85E,0.05356270430446629
CC_5DB286EAC626,0.29319651659177115
CC_5DBC1BB95B84,0.8332477908926197
CC_5DC0A465470D,0.04911035506038586
CC_5DF82CB03C3F,0.10516072637305443
CC_5E001C93F359,0.06443521594462792
CC_5E029094A55C,0.7199158075346941
CC_5E0808121A65,0.14932166758301074
CC_5E1117E4E593,0.12115374510652119
CC_5E1541060A97,0.7315018676987812
CC_5E1C11540C0B,0.08966895196455174
CC_5E1DC0E143F2,0.13981365714857108
CC_5E206AC277E4,0.2520951834310807
CC_5E22B4BC8B12,0.08858670444719245
CC_5E22D889B6BF,0.12639924665216445
CC_5E38425EC99F,0.7834763265073966
CC_5E3A70C2077A,0.14692714295603812
CC_5E5607D275CA,0.1274859804678222
CC_5E73C3D2B3EE,0.15386140462621162
CC_5E7F23A07A71,0.09507313221396861
CC_5E80A96974B8,0.21265855322877275
CC_5E8C0453B9B8,0.26811819450827146
CC_5EA599FBA5E0,0.5249629588751421
CC_5EB379BA6C7A,0.11491345520918642
CC_5EBB96F65AFE,0.3964038998690018
CC_5EC41568C2E1,0.09106462660288997
CC_5EDB5C924107,0.29759105123971674
CC_5EEE5D0FF8D3,0.15865146939067348
CC_5EEF07FFC243,0.06231498689148143
CC_5EEFD690759A,0.08496260684734869
CC_5EF2176F01D5,0.10863469695476402
CC_5F17CA33D26B,0.06999862942448873
CC_5F20750D6658,0.14679795873637203
CC_5F2CE32A6EC3,0.12718700222612103
CC_5F328EE757B6,0.04784971990435401
CC_5F35B8D87D06,0.21982234475317886
CC_5F390BA40E83,0.7155464774169435
CC_5F59092CA9B2,0.10169080435218793
CC_5F5916E96E19,0.14045011078755704
CC_5F5E835B9E6E,0.09035140320393666
CC_5F648D39D67F,0.5744460375603733
CC_5F6D4104C808,0.15746649675758756
CC_5F72EBE104D4,0.028751504687870764
CC_5F765C41F051,0.060836389726625674
CC_5F8859A6F0DB,0.034315837832324975
CC_5F88ACC7C384,0.1185532857883117
CC_5F89DFA97B7C,0.5461917310487648
CC_5F93A3E31DD6,0.6278065721824762
CC_5F9A44423DD4,0.12990179872242244
CC_5FAA7965BD71,0.1280389784831868
CC_5FAFA265CA02,0.3409338038138606
CC_5FBE1A34704F,0.1648720715995699
CC_5FCAA919577A,0.21730974708134154
CC_5FCD208ADD77,0.1719303436190033
CC_5FECD2BB0094,0.06926283653186655
CC_5FFDE52E6B7A,0.1096916285882299
CC_6002BFD3F26A,0.15890136605359156
CC_600311592F72,0.059796328455584025
CC_600AE12112D6,0.25679319239457893
CC_601C3178E38D,0.17289572268731818
CC_6037EEA42F2C,0.37359053510079776
CC_604C08F76272,0.6317861543470952
CC_604C72AC662C,0.14237177915003968
CC_60510AFA8A87,0.15013852617165632
CC_605E2E26E52A,0.27419415192723506
CC_605E3904CD8E,0.13787046756958882
CC_60611B935106,0.13166803956404996
CC_6061787228F8,0.1468756787184124
CC_607270A72DFD,0.25215445309091883
CC_60738E418DB3,0.12595925127818614
CC_60961DF8A134,0.1343926700482612
CC_609B7A7FA165,0.07058447426864305
CC_60AC5C892D01,0.11290157514768687
CC_60C09FF84412,0.16070919547678508
CC_60C87349D73D,0.284811508793688
CC_60DA2FBF1FBF,0.11966978444340051
CC_60DA539A39FD,0.16089425391353682
CC_60E974A0B278,0.06267465717321485
CC_60EF7D647EFC,0.043138810675346334
CC_60F525A39898,0.03355327988773003
CC_610009B69EBA,0.6942633927836959
CC_610FDDF5FE54,0.12445396673049527
CC_612C06CB5FF4,0.10084956288869615
CC_61307D82CC26,0.6014170751897376
CC_615030FD33CC,0.7270685313415151
CC_61649241FE59,0.19362810659686286
CC_6170051A606A,0.19359103506671255
CC_6179A630658E,0.07682200166644942
CC_617BD59427E7,0.11929075507309012
CC_617EC8BD5153,0.21473732643217067
CC_6191E14D21BE,0.06257900612070876
CC_61A798B8D222,0.048809863850322974
CC_61B4A983D1A1,0.07852080115902844
CC_61C9732AA682,0.7478615318452599
CC_61DC64E37471,0.053078341571886775
CC_61EAF14033DB,0.11618404945316277
CC_61F18E0C218F,0.06365488535495403
CC_61F1A1263F5B,0.1401169586761166
CC_6209EA426553,0.04615512279238462
CC_622BD8CB3807,0.2878001142076081
CC_6234A9617A7F,0.1064060108283802
CC_623AC074EB25,0.18339145662096507
CC_623FAACE8A80,0.055369517579481345
CC_6244E2935407,0.2552276352661964
CC_624535E11F69,0.05441049112805764
CC_624EA2917CDD,0.6522510826436101
CC_62565D08DDDD,0.7952034972107273
CC_6268ACD3F95B,0.5090318195675186
CC_626B61F4789A,0.6435416646483736
CC_629193C2A090,0.2616719821675283
CC_62933641AC43,0.2281896405817458
CC_629480877536,0.35652824668071614
CC_629CB045D9FE,0.10503389421794018
CC_62A84BC400F0,0.31657136137998276
CC_62C36DF81797,0.16883908041512766
CC_62CC835CAE4A,0.668134042655693
CC_62D4192F126E,0.7854577919279151
CC_62D7A3C9483D,0.06209974340278192
CC_62DF1B99B4DA,0.09744650561414667
CC_62ED7BA3E620,0.049512678056984546
CC_62FC001AFC78,0.08761766256097145
CC_630412B4AFDA,0.17728762933677966
CC_630903AD39C1,0.03746685388415832
CC_630938DCC1B5,0.04738372100327842
CC_630ACED773E9,0.42830916961412685
CC_631E1690D913,0.06544574728164135
CC_633A7C7FC25F,0.24063651397453367
CC_6342051D8FEA,0.23447329411602727
CC_634CE4E8AE49,0.1649616945734767
CC_6359692F5EF6,0.1306987093477449
CC_637278423A6D,0.24599986107569252
CC_6377AB848081,0.11618882401167052
CC_6381A65E0A3D,0.08664881553949297
CC_63871B4814E2,0.11208552538959465
CC_638AD269F05C,0.03134163400170638
CC_6391AE0FB83F,0.1518208485155137
CC_639703EE2ABD,0.03934210562442056
CC_639750C87A7A,0.7558472535857943
CC_639B1DCECD2F,0.1541842470618388
CC_63A869443AC0,0.4619081147805635
CC_63CCEE26BCAE,0.05850379027289733
CC_63D51CECB6D2,0.24819824980938143
CC_63E53402FC02,0.034059036288116185
CC_63FC6895901C,0.13125481821545215
CC_63FC8A97D9C1,0.14565398035283147
CC_64117B93EF73,0.3218321985150382
CC_642D9C325F1D,0.31352859428403157
CC_6436B950E22B,0.16859393827675856
CC_6445BD3DDB6E,0.03178008139616592
CC_645C15569E42,0.10302165178546097
CC_646472AD66EF,0.08264633472323521
CC_646B8254357E,0.14710805217929962
CC_647F4BB4983D,0.6019788974866422
CC_6489ECEEFD0E,0.09911566846540228
CC_64946E57306A,0.040031429436298824
CC_64976830B0B7,0.31848376777936666
CC_64BA10F3FAA1,0.08864774761656373
CC_64BA39A0DFC6,0.07884894014237159
CC_64CF9A79EBFC,0.09316911461060184
CC_64F0E0473D1E,0.08006551484444646
CC_65006C2AB2D4,0.8087050119130275
CC_6500BD19FA06,0.2739338552175091
CC_6504DCAA90E1,0.07694612520245782
CC_6509C7361994,0.16613306949275952
CC_651486189673,0.0884339453944879
CC_65194BAE506A,0.1930500061551489
CC_652539353439,0.17767543275058842
CC_653CE5FA5A76,0.27075697638790963
CC_6560C2F4EDA4,0.16936304086147597
CC_656137F98187,0.7004614189694198
CC_6575B4B39113,0.039865290974394674
CC_657F629D31E2,0.23237561855327749
CC_6580B7583ADE,0.20594316027442516
CC_658477BA75D6,0.04036910966340768
CC_658B7867BE7C,0.09238322913672692
CC_6593FE5349F2,0.09875657496335474
CC_659EE0F05A75,0.36244845482021204
CC_65A0D8134410,0.25179291836945594
CC_65ADD5A19F64,0.09835144093326037
CC_65C3F0F73BB1,0.08296028495521873
CC_65C47521C285,0.04019348021668171
CC_65C4EE0B737C,0.26243495123849847
CC_65CB68404333,0.20531523085211706
CC_65D6DFF1B766,0.10868987311372921
CC_65F1545C35E1,0.19504153550718092
CC_6602547E2FCF,0.220159704041655
CC_6615D7044816,0.2764475613384447
CC_66244D4B72EA,0.09646250206953501
CC_662E5AAE07A8,0.050135667007985336
CC_66322B339E84,0.05161978447497337
CC_6634FD4B1CD5,0.7974093876575316
CC_663DCEF4923E,0.2001176444831156
CC_663FE5BF918D,0.4604219306141596
CC_6645798E740D,0.08970813667218802
CC_6649736C8321,0.8087946163269861
CC_664E1026C4D9,0.29629512888027176
CC_665603C4A33B,0.06409863487486392
CC_665BDD9C8039,0.3995950978153467
CC_665F2AD58363,0.1794639255737066
CC_666767444BC3,0.2297800979726127
CC_666C0A2A8674,0.048333443188460154
CC_666F2BCDC7D7,0.19708665542835235
CC_66775178B226,0.0595855051408756
CC_667B6F8C846A,0.6366663635468125
CC_667E909835A4,0.2056561554905642
CC_66809C278FCC,0.1817066404127719
CC_669CCC44CFCD,0.055262385327826985
CC_66B0BD3F6516,0.2898174664771428
CC_66BF02C05DD8,0.14880335226341398
CC_66C491256BE4,0.065286520274306
CC_66CEFA65F912,0.39130891328858786
CC_66E025DB3282,0.5941784701292118
CC_66E7B423A32F,0.6821842916948623
CC_66ED26E7BAD9,0.07645543788607222
CC_66F7FF7735C3,0.18304490490002662
CC_66FD0CE6D57B,0.04656807355013568
CC_66FFFE05C2E8,0.08687774268590857
CC_6700012A39B8,0.13270960388505232
CC_670FC6A064F0,0.19803462421149104
CC_672932B65802,0.08287986440953579
CC_6742C6478F98,0.21218170455055257
CC_6745321663BF,0.06829167623364935
CC_67579CF57290,0.14794275665197576
CC_675F7483FB90,0.17124825148433578
CC_676ACFAA6131,0.67546142687906
CC_676B423C495A,0.6114147339773968
CC_6771C0D1CB1F,0.05871233805014768
CC_677EE0369CA7,0.07703303003876988
CC_677FE35855A9,0.197963130195707
CC_678091614A14,0.1326374797020265
CC_678A43ED0803,0.6930713609099313
CC_67955C210226,0.07900654729363732
CC_6797E0B01112,0.2312652111861349
CC_679D90941842,0.13518633867866045
CC_67C05273700B,0.15989714146719694
CC_67D5172B6450,0.1919972886201969
CC_67E8CF412D93,0.10693583435355884
CC_67F6576A6836,0.28190005496875975
CC_67F985A00A12,0.05578625362971768
CC_6801AD1D4478,0.07439517300165745
CC_6803BFA94B17,0.061450115216524874
CC_680B16E5E240,0.12961720512075448
CC_680F2D0F4F6C,0.08994026436356602
CC_68221E1393E1,0.09935682158466416
CC_6822590B968C,0.18076599526721165
CC_682D8EBCEE94,0.2175211322568039
CC_68429B4AE401,0.42766066132817937
CC_686B26BDD061,0.05304964679667243
CC_687518442359,0.3793683181543608
CC_6875DA61F422,0.22087285752626257
CC_68A3D749608C,0.15749035177141624
CC_68A9C3CE2557,0.0820007131362547
CC_68B9F8C6D9D6,0.668401613334235
CC_68BC65E3C84A,0.46148222068069034
CC_68CC4D1D898F,0.0744670007294892
CC_68D0ACBD2D0F,0.02910438922888651
CC_68DA8D5488B3,0.08011428425176582
CC_68E675A69AF3,0.16441945672794273
CC_68FC9E6FA27E,0.19724065475498312
CC_69322F7C4CE3,0.12263763238575315
CC_693710EAD59A,0.18413074244377078
CC_69387752F41F,0.5007986053102025
CC_693B71DDFE67,0.14082663543161233
CC_693D4AEDA3A2,0.10777622365435777
CC_6952171BCD2D,0.1481574724746215
CC_69547DEB412A,0.24284137427644292
CC_695E80DBA42A,0.07351281586873884
CC_69717E76CFAF,0.43661725139302293
CC_69741BF89A2D,0.11598580649078728
CC_69825C70EEE9,0.22018191188533737
CC_6985C268DC74,0.46898938899109377
CC_698886C4AD90,0.13162558507182803
CC_6999901A6060,0.15207365579770044
CC_699ABD34646F,0.08171629876147593
CC_69A98DC7A907,0.05493064416145339
CC_69AA6E0DDE10,0.2532445330020483
CC_69AD5A48A78B,0.2136147098990556
CC_69BA7BFF98E2,0.11177398690485435
CC_69BBE365C097,0.052731227526732316
CC_69CD95A00D9C,0.04271225543079637
CC_69D328691680,0.07380302261335925
CC_69D39C9F36F2,0.26428210531613805
CC_69E09390CD64,0.08601173137775835
CC_69FD49E90AC9,0.3421148256476011
CC_6A099AFE73BC,0.1658066043938047
CC_6A099E6C91BA,0.302608857350684
CC_6A19EB191A81,0.028890067063052402
CC_6A39017046FE,0.10700124092186797
CC_6A4A401F2920,0.348348623298834
CC_6A5261180031,0.0673113593843516
CC_6A7432494840,0.16840462372850687
CC_6A7963180D20,0.3983572457542578
CC_6A7D7E5F814F,0.5609255867739075
CC_6A8B8BBA749E,0.15460894977396836
CC_6A8DFDB0621D,0.1483453512451261
CC_6A93C436E2FF,0.10185036810126528
CC_6A97F81D9A0A,0.14575148577952324
CC_6A9D1622B4DE,0.28565983360715697
CC_6AA6589445C1,0.6570737410265746
CC_6AA7A87F59FD,0.18567395615274102
CC_6AADD44C0B52,0.08075822277022311
CC_6AB4A5EBA3F6,0.21750951478157785
CC_6ABA7D0ABAC5,0.1187761702488599
CC_6ACF1E52BE8E,0.12518531658826565
CC_6AD3513459CB,0.09307405253960765
CC_6AD4238EE77D,0.18920694868425186
CC_6ADD0FE5DD74,0.6597343170846284
CC_6AE2737BD3A8,0.08236476744217867
CC_6AE48C1F2448,0.140318328089366
CC_6B00A666A420,0.667491766703231
CC_6B07C3992304,0.07721221103464795
CC_6B0A72BBD800,0.7217848402909393
CC_6B12B975F2EC,0.301096682224218
CC_6B12C9507F32,0.192102123024658
CC_6B34719D93AC,0.5737003722735714
CC_6B34740DD355,0.1669872358438369
CC_6B41081727AD,0.22739693692683804
CC_6B4902892E70,0.08948437175510926
CC_6B5BC2D89077,0.7676788516827746
CC_6B65242C2CCC,0.1556731945330047
CC_6B823BACBE75,0.3190306503776236
CC_6B83E1A959C2,0.23640428906461047
CC_6B84FB3DE604,0.036513439359575774
CC_6B8AABAA752E,0.21008352903120003
CC_6B8AC0DEE990,0.36110779631338263
CC_6BA45C072D40,0.1498440946898389
CC_6BA72ECB5027,0.11707193204295255
CC_6BB560F020BD,0.0740556194342612
CC_6BDF0B68C126,0.027248841691567098
CC_6BF0A9437728,0.13174139513521116
CC_6BF3B9097199,0.1473008150395845
CC_6BF7A1EF31B9,0.1746769935480925
CC_6C29DF49246A,0.07328225519560277
CC_6C3C86C2125E,0.08782954270964305
CC_6C42FF6D7218,0.6988520197093884
CC_6C541A482CF2,0.22719471791496296
CC_6C585A6BFE01,0.8325032564103713
CC_6C5CE36700D0,0.18422215006234627
CC_6C62C2094733,0.08410423295416242
CC_6C66539A9D02,0.30795155194439167
CC_6C684505E498,0.07027190268602604
CC_6C6E40927C35,0.03741109926266645
CC_6C7736F51C12,0.7032162258681076
CC_6C781CEB6F52,0.09113915716675597
CC_6C7E39BF4744,0.1307253838075733
CC_6C9EE9BAECEE,0.09187982138098924
CC_6CA0F076091A,0.1216955410980568
CC_6CAD299645B0,0.16361512204439604
CC_6CC3C50BA394,0.09202590349372303
CC_6CC593C5385D,0.03783690754611924
CC_6CDA4B24C602,0.2977659957213987
CC_6CE31AFF7813,0.061234626474993295
CC_6CECB68DE9C1,0.32055514727329
CC_6CECD3DBA212,0.15274965209224659
CC_6CF17D012682,0.16678636344403847
CC_6CFCDF903310,0.1541466725539139
CC_6D08B5E62654,0.09346256189106764
CC_6D0F60667273,0.29672051554920387
CC_6D127EE83945,0.054956017771791224
CC_6D134DB29068,0.3728519810849896
CC_6D141A49D94E,0.5917602089558613
CC_6D148C0A624D,0.1369521822899209
CC_6D1EFDDE2EED,0.06960284058501723
CC_6D22B938D7B9,0.07513834995871424
CC_6D27409F4956,0.09531853481057034
CC_6D2F0EBBCA4D,0.2677155598398106
CC_6D43BE30E8B8,0.25600071028302096
CC_6D4EDEAF67C7,0.18264992901185706
CC_6D72571304DC,0.4976446573403921
CC_6D7C62C7C161,0.058798056249531994
CC_6D8A18C28AF0,0.0715062839668982
CC_6D8B35007242,0.07851462297128772
CC_6D93A9E49E3B,0.20068826307321888
CC_6D9C644A082B,0.10278251473096081
CC_6D9F52BD4D0E,0.10885734734933018
CC_6DA058F9B631,0.29896392625793783
CC_6DA1F8DF9CDC,0.27162417141301726
CC_6DB000AEF16A,0.09077659692303916
CC_6DB5025899E3,0.1926363794452295
CC_6DD6FA2FA0C6,0.10779166975301085
CC_6DE4E4C1A31D,0.1659509987042283
CC_6E09CBC15C94,0.5054618886586952
CC_6E353816938F,0.053862536177267335
CC_6E3AB992A5C9,0.16638524935574656
CC_6E420A2FE490,0.14113396487138377
CC_6E46D01888D5,0.150553928758189
CC_6E4702162475,0.05871386734088842
CC_6E548AF15091,0.21996582991916772
CC_6E5C9A2DA27E,0.04144287662308173
CC_6E610F3976CB,0.17906809033339244
CC_6E614FF9BE02,0.6612157395639809
CC_6E68D46447E2,0.0974703365253855
CC_6E712C21215D,0.042324763471643774
CC_6E84DED41B8B,0.11970253095753221
CC_6E8557E30DC9,0.6323151829463409
CC_6E8963475D35,0.20198714007186747
CC_6E9880CA0BF9,0.27481824770929886
CC_6E9FCD68ED52,0.7091918279036754
CC_6EB194A93F60,0.13579983556065112
CC_6EB370F511F7,0.05741160650839705
CC_6EC722B2BC2F,0.13797499228259336
CC_6ED1B0EE4B6C,0.21553624270301885
CC_6ED65E7CABA2,0.10400125560514531
CC_6EDA84B653B8,0.37997906038596274
CC_6EEE8E7C1D1C,0.20938251845686462
CC_6EF17801ADD6,0.136327853275974
CC_6EF337CC4BA9,0.2723546400665031
CC_6EF464EC9FCF,0.09769107220484541
CC_6EF6B8AE7DCD,0.03913814281106533
CC_6EF8C59D8395,0.8774362767905931
CC_6F2146FE362E,0.06571562858468971
CC_6F2408B665A6,0.39142220859613913
CC_6F2B8E925D59,0.02658610321937291
CC_6F3034E96848,0.10278147850461199
CC_6F3559ACC2F5,0.039693314672545346
CC_6F46C5897DA8,0.3924334021353447
CC_6F49ECAE902C,0.06740737036053834
CC_6F4B818665D3,0.11984785528609533
CC_6F4E696A1F88,0.2745414924720266
CC_6F54BD66C0EA,0.1711924782002876
CC_6F786C433998,0.08364713129541873
CC_6F78BF56B0C0,0.09081976909079877
CC_6F8346F138C1,0.3881403611808166
CC_6F86CFDB23D6,0.05760961950232254
CC_6F8E30AE9457,0.15890705109530734
CC_6FC25B27AC26,0.08307356053346106
CC_6FC8BE007FE9,0.1411841242267543
CC_6FC8DA40122A,0.20955866501247114
CC_6FD8BAB1DA3E,0.0647124778931682
CC_6FE4FD09A9D8,0.0780796245092333
CC_6FE78CB02174,0.036999711271812674
CC_6FEB8EDBF2A4,0.17630485935870685
CC_6FFCF2DAD0A4,0.07465893667230938
CC_7002034B0979,0.08930156202295138
CC_7006523D45E4,0.08290230769925006
CC_70097151A773,0.061668046499635885
CC_7011BC95A91B,0.041325076150185894
CC_7020F3C11A3F,0.16739516718720018
CC_70306409A3E8,0.318536987400808
CC_706B18DA7204,0.13294808276508974
CC_70703A59C070,0.18122702439084742
CC_70749DDFF595,0.12344723399446748
CC_7079CE5127A3,0.033024288444257956
CC_7087A46F0AB7,0.10418805653976052
CC_708B73EBD939,0.15126921850098482
CC_709315667BCA,0.07725564421543352
CC_709970475B6D,0.6176751420121549
CC_70A56ADAC199,0.051750015202401085
CC_70ABB244502D,0.04509479850579917
CC_70B0176647CE,0.13133530597459592
CC_70D3353DA1C3,0.06871680092410153
CC_70D652DF4E91,0.12818958753255674
CC_70E3121BFDC4,0.08314240204589457
CC_70E5FB8B072D,0.04413076663390856
CC_70EFECA3FAEB,0.16341307128093846
CC_70F59DA18BCA,0.4732489001388053
CC_7100129A0AFF,0.09757331081143653
CC_7113554E33B9,0.06762791999147674
CC_71260405461D,0.070102825558644
CC_712677251322,0.2018727853180037
CC_712D31B2785D,0.057898299390932356
CC_713052DB1E2E,0.06329297096691777
CC_7139C2D6F1AC,0.10648392055080097
CC_71427FC8FA49,0.22365588784794482
CC_714912E93A71,0.13553460482481566
CC_717A5C2ED311,0.23043825249073166
CC_717C94F5C8F1,0.06905608156823864
CC_718F067F4DA0,0.04013148060791652
CC_719E714DD38C,0.07040297319801808
CC_71B169C874D0,0.15807334043257737
CC_71BB5070615C,0.12434491678948964
CC_71D37D6D19C6,0.21880510849362605
CC_71DC80205F42,0.15379136011966052
CC_71DEB636B8CD,0.5923999466522358
CC_71E4CBAA1211,0.14757979428853707
CC_71E787049755,0.09165289487533286
CC_71F1EF5575AC,0.08235566112075338
CC_7201DD8EB33B,0.21450736523859676
CC_7202C8CE2317,0.3030086423330014
CC_720B06583C57,0.035368179429584964
CC_721DEC038BAF,0.0843451522794407
CC_72219BCC83E3,0.14742203885933614
CC_7223DABA7E98,0.11439161653646598
CC_7233459FF7B8,0.20433627865787202
CC_7238A8A6767A,0.19864523165592846
CC_724559551664,0.6897434270803935
CC_7248EB4B76CF,0.053547950837135386
CC_7259B5314D92,0.08445246417877483
CC_725CA03102FE,0.04478623372591914
CC_726E05E5A555,0.10779719083992287
CC_7276AEED6D4A,0.06695340779713184
CC_72A18E8D6670,0.04433883740765439
CC_72CDBC38202A,0.4636729976669186
CC_72D8B2ABA2D1,0.7808308134647233
CC_72E4590D362B,0.35282651517925717
CC_72E8542AE4BA,0.03813016899162342
CC_73010B6E55DD,0.5773627742454217
CC_7309A4693D52,0.14775882372851967
CC_730C2A3FF1BF,0.1527768208181543
CC_731C1BCED024,0.5998057969013122
CC_732C325832D8,0.1630496177710908
CC_732DFCAA0A75,0.17995587270590419
CC_73322A6A24B1,0.8069633118986377
CC_7336B19A18AB,0.2113974911119976
CC_733AF1D123B8,0.3231536238906505
CC_7344A0E90AFC,0.11508788160578984
CC_7348C2B475B7,0.12310663430876312
CC_735E1A78B058,0.0731987701329209
CC_735ED2A02DC4,0.13279297825668748
CC_736015DE4E3D,0.32197766715541953
CC_736A42761E55,0.10404645718150105
CC_736C0436B98D,0.16385618187633696
CC_7379212919FD,0.07546901658516937
CC_73859CD59E75,0.5807265549823133
CC_738B201B1CF9,0.11886675308781315
CC_738DCB11942F,0.06533798524349502
CC_739198ACE582,0.12073537428997322
CC_739D093D7B69,0.09618644834279352
CC_73A7FC903662,0.1579260299653073
CC_73A8927DCEB9,0.08961654567103033
CC_73B575BBBBE3,0.16841961863784027
CC_73B6B9AD2002,0.05193149551301426
CC_73C28D72A5A3,0.46169354987407973
CC_73C38DBDF9A7,0.09867429814461007
CC_73D44BEF6754,0.3897463543892856
CC_73D4C1D7C022,0.0705593000402571
CC_73EF383F3C2E,0.15677063284397
CC_73F34B1607C1,0.06014810738822743
CC_74137206902D,0.10889308736845318
CC_74198E5EC366,0.06341750235139203
CC_744FB5804A8C,0.6024091748336381
CC_7451E64B6D47,0.1779923861086936
CC_745A64878AF1,0.09491052108543568
CC_746B196CECA1,0.1588125807385625
CC_746C06898D5B,0.6256395357284796
CC_746DE1EED0DD,0.20797388772853226
CC_7476938CF6A0,0.4766439728573698
CC_747CFDB7E305,0.08149200005833798
CC_74845374E870,0.7769373273507676
CC_74AD8D3B192C,0.7183083903423009
CC_74B90A15B270,0.11034066365357724
CC_74BA5D46E909,0.6958503787750354
CC_74BE0AD5E21D,0.1577036229704161
CC_74C33B66F002,0.11590957431624205
CC_74C9C3F17421,0.05408023535830454
CC_74E4BD5C07D2,0.06654649431495582
CC_750D90249EFD,0.10605153795082106
CC_750DA21B7EDD,0.32140265525509476
CC_750E6537383A,0.22115645446410342
CC_75137D6F9DCB,0.09445261002585809
CC_75173A8A11D1,0.37123579203519014
CC_751DDC1FC2AD,0.11117874177874176
CC_75357E0206F5,0.09072199369431164
CC_753D160E3A58,0.1243865787777492
CC_754447632F75,0.04329385153477644
CC_7549363C5D36,0.07707169734183333
CC_754F3894627C,0.09335620695425252
CC_7562CD43897F,0.14835092859258645
CC_756A077EC614,0.4013541515958875
CC_756D3492443F,0.28642638242532936
CC_75783B3E6C6E,0.04618201081518317
CC_7598068A716C,0.043796943924249286
CC_75A37D8C1F6C,0.5789839833252104
CC_75ABDDA24C26,0.10596652476297758
CC_75B287424E59,0.36446102470490904
CC_75B2B88876B6,0.10850545200548745
CC_75B324FCDD4A,0.18648463087789768
CC_75C1466E61E2,0.2552293979698419
CC_75CCCD9D4568,0.08942817399433427
CC_75D2DAF4491C,0.35548396209191135
CC_75D54090AAD4,0.12425933798529146
CC_75F1927E5941,0.7074125084951735
CC_75F99AD6844A,0.29686635478110457
CC_75FBA505C727,0.26472442708835786
CC_7615CC930B76,0.14373895021782512
CC_76168488EBB0,0.459601807875216
CC_76197A77D666,0.02970460246594292
CC_761F48F8E962,0.22599760250864454
CC_764C6ADC6D1A,0.08191654655531078
CC_7658A6B0910B,0.047596562921623516
CC_766347951B7B,0.5647862098799044
CC_76857712D8F5,0.34489588716778297
CC_76A0DF2549B7,0.09368365993588601
CC_76A636414AEB,0.27453098946458565
CC_76B01540CDD1,0.16252734501392116
CC_76B420FC66EB,0.11476398391752268
CC_76B6BCD2EBAF,0.06595230830114557
CC_76B7A0029620,0.12145145282659263
CC_76BA435EF2AC,0.15141615537086942
CC_76BCC1AFDA4D,0.08114698602825994
CC_76C35913E797,0.14345698908945187
CC_76DE3DF1DEE3,0.17178301953588998
CC_76DFA4CD068B,0.1013448169155973
CC_76DFE3568C72,0.26057501989566556
CC_76E201F1E036,0.35947252763765986
CC_76E83166FE0A,0.13486810274611513
CC_76FD9E9D9ED0,0.11668804361983062
CC_7720BBD06736,0.35026528708080423
CC_77340228F356,0.7260462826506469
CC_773CBBCBAFFE,0.11564176842240417
CC_773E9B092923,0.10007588650187715
CC_773F22C3E42F,0.04426490186555518
CC_774ED295BF96,0.16356143171508014
CC_7751ED6DF76C,0.04949855927978021
CC_77571749B970,0.12813328796105194
CC_776F8B3BAC08,0.10830704061199818
CC_777889F9694E,0.042522325907311295
CC_777D08513AE8,0.07344852417686903
CC_777E3D988EFD,0.25881628987762795
CC_7795BEDE05E8,0.3069476446796715
CC_77A9EA3A6784,0.08255108424956498
CC_77B1AB7960A9,0.20080937652491354
CC_77B6EA810549,0.2679129225143654
CC_77B9889C9BFD,0.2085891371622926
CC_77BC55DC92B6,0.14173853805862602
CC_77D1DFCB0A8B,0.049693896287048414
CC_77D9AC43DFE1,0.20108789754871798
CC_77E6EF1CF2F7,0.13603155443696813
CC_77FFA8E6B36D,0.10982965770941863
CC_7801661A9DC2,0.16435471864798937
CC_78069B1BD931,0.14251641299974208
CC_780828B48716,0.10745871985908967
CC_782130B98F34,0.11183582931349946
CC_78273789B3C5,0.7604269407925983
CC_78296783E4EA,0.20117424575843756
CC_782B06291D87,0.06269365038877729
CC_783A2D4C89F9,0.4447530036763631
CC_784407E16923,0.09794218515576893
CC_78491B6255F2,0.40157538188379327
CC_784F17AC712F,0.07744065110417592
CC_7852FC3BBADB,0.09025053621305829
CC_7866E4CE528E,0.8086033503996202
CC_7867E7C01013,0.1679481438585675
CC_7869F609EC2E,0.17311920686719467
CC_7874F14ABD7F,0.17701715244926686
CC_78774E05FF12,0.1579083691011744
CC_78815A352067,0.09524572844542656
CC_788FF4549766,0.26285031581603924
CC_789977501322,0.11638121096920251
CC_789B2BA880E7,0.04492103992303215
CC_789D87F51AA1,0.06265271623904016
CC_789DC3C358CB,0.2295353230716074
CC_78A036DF6320,0.6859714435054063
CC_78A3EA63B7EF,0.03691888897449401
CC_78BF1B8FC1CA,0.1160110216960911
CC_78C96E7015BA,0.6430910882737764
CC_78CC84FA2CE2,0.18959444340051718
CC_78F0087076CF,0.16796860507838757
CC_78FAA95F5B5F,0.11071423298339628
CC_79033EFDE096,0.12188707611464195
CC_79086C18A963,0.12464814875888704
CC_790DA2ED9F5B,0.10624286103036101
CC_7928811F7D86,0.09273123175991406
CC_79345478FCE5,0.21607195386883515
CC_7936C8D65B95,0.14658475747602367
CC_7948C5509411,0.4867303398073111
CC_794ADB0677CD,0.13419825763643267
CC_794FF8E7F876,0.04672560157203569
CC_79500EA652BC,0.5977907080006051
CC_795083A66DB5,0.04494930956857421
CC_7950D4B773CF,0.14128169560999018
CC_7955AEB49759,0.1344578108445584
CC_7964F862DFA3,0.4265187216439956
CC_797A700CF967,0.476429728958909
CC_798180DDF677,0.35420018263533193
CC_7981ABA9C370,0.09834007975629191
CC_798B2DC03C5A,0.06903428200578035
CC_79BD986C23CA,0.058587425376699795
CC_79C6BA680815,0.5244689420566442
CC_79D694E6F5AF,0.2676905988885726
CC_79ED9A0F6E49,0.4307393227156935
CC_79FA2512E5A2,0.15420365793562274
CC_7A0024F6FA60,0.19544554586854657
CC_7A193A453F27,0.035576358358682635
CC_7A1F071DC5D4,0.3589133073867847
CC_7A5D96BC99AA,0.7823354887356586
CC_7A6B51562949,0.22131316700984388
CC_7A6D7F9654DD,0.39447878389935487
CC_7A778E010F33,0.2596249722261032
CC_7A7FB841B669,0.5455006669563984
CC_7A91013D31E1,0.11754062242539204
CC_7A9117596769,0.06265004622831072
CC_7AAF340DCE8F,0.20274093375721602
CC_7AB146267981,0.2332592975646034
CC_7AB2A9CC8424,0.25602456337168045
CC_7AC1DF18CBA4,0.238944600428602
CC_7AC4240DD225,0.37825472928552895
CC_7ACB325BD924,0.18041361740630962
CC_7ACB88002397,0.47412245795090935
CC_7ACD4F370AED,0.24630636668522268
CC_7AD4072A9F82,0.055079857949241584
CC_7ADEECDE4D73,0.2101750094876365
CC_7AEB48D8C5E0,0.0796398849550819
CC_7AFA5CD2B29E,0.10592436479503331
CC_7B092786DDB0,0.04906585038041764
CC_7B1B35D5628E,0.05130159998414753
CC_7B210557F04A,0.1107745454665344
CC_7B369A7C1D3F,0.14747024975543405
CC_7B4002591821,0.7009296468588568
CC_7B42BD80D79A,0.20044785982251753
CC_7B44FDF08B93,0.10419514671742142
CC_7B501C32CAE5,0.06780945191274566
CC_7B88520D4FA2,0.3721026112162976
CC_7B8ABE6E552B,0.21177582390164829
CC_7B8D2E07908E,0.35042353534326975
CC_7BA150468D19,0.5173464393000685
CC_7BB159FCEB53,0.2215005166567161
CC_7BDD72710831,0.0644345206711909
CC_7BE02C65B967,0.16361571829768062
CC_7BE382988C1C,0.6492817427203593
CC_7BE6110DBAA1,0.32333551701103835
CC_7C0B14BB0573,0.14898280578707251
CC_7C0CF5558904,0.7007499509252784
CC_7C13E7F561DA,0.6703341625092146
CC_7C46F7F667F3,0.13675561059556093
CC_7C510CE0521B,0.09248263563512317
CC_7C61B5D39E49,0.4428007517273118
CC_7C6770DDA182,0.11224244548475311
CC_7C6DBF78A610,0.10211727464616097
CC_7C7B0438E3AB,0.1586172799193491
CC_7C87DFBC3176,0.10339631503405852
CC_7C9528E94215,0.2954520973274677
CC_7C9ADE65CF81,0.10315987064767054
CC_7CB6CD1B9DD0,0.053133819549595965
CC_7CB7C7E55BE6,0.16596026104274886
CC_7CCC3A690325,0.16510620889243105
CC_7CE5689488DB,0.04422545179793408
CC_7CEB758A9814,0.047800875592143924
CC_7CF7443D923A,0.05720281583087469
CC_7D0D597690BF,0.14867619118633946
CC_7D0EA0307817,0.04323174507052248
CC_7D12E6FF25C3,0.12152038385895075
CC_7D28D39AED1F,0.6627485424527448
CC_7D2D19D832FF,0.05484894988707705
CC_7D34A67E1369,0.06033079153757301
CC_7D4388B41EB9,0.15345780510526602
CC_7D46FE573D79,0.07790905541006851
CC_7D7810799F2E,0.05327175477565199
CC_7D79241150C8,0.12186810599629241
CC_7D7B92EF2655,0.1429627348511467
CC_7D8C2495C1F7,0.08150757108980847
CC_7DA4F1BA24A1,0.650184959645748
CC_7DAF18939084,0.061787198065719154
CC_7DB8BA427410,0.056012092371711925
CC_7DC9456F1161,0.03598850145355705
CC_7DD2CBE0F0BC,0.23228945296616937
CC_7DD495158BFD,0.6533828703187616
CC_7DD5411F7A14,0.2980674564894813
CC_7DF099A7A092,0.2178261920452
CC_7DF27D2AC111,0.05146620766500902
CC_7E0CA072EF93,0.075955180357784
CC_7E0DA100F5F2,0.19931223225662353
CC_7E1086EFDED5,0.041075037555890224
CC_7E12E0F3CF6D,0.10322055059211033
CC_7E178CE78FB8,0.07743353879721175
CC_7E1C1A6D0E9A,0.1613720064407611
CC_7E2A76850DF6,0.8206837181493564
CC_7E3ACB15C69D,0.10836821185311796
CC_7E3F3373A73D,0.7458137571986148
CC_7E42A3D0737F,0.11799352729043047
CC_7E4679C534D7,0.23249769537359843
CC_7E53FEEB19B1,0.24766897852815517
CC_7E71CE7FC603,0.16651785772144126
CC_7E8333DBAEB4,0.35256684359760215
CC_7E843438DE4A,0.05480057461308554
CC_7E8E4747C0D0,0.6586753945620196
CC_7E952828C1B5,0.09405887431583113
CC_7EA6431FE6F5,0.12260072443539732
CC_7EA7BA7621C3,0.29369763531657966
CC_7EA8F24B3010,0.08566401681631794
CC_7EAB28B0309C,0.05499492886724072
CC_7EB4A5BDA97E,0.08439173879133764
CC_7EB4B0A36534,0.08570418888033085
CC_7EB791F4AB2E,0.11357725119795158
CC_7EB883C9D5F9,0.0407863483195124
CC_7EC59C577F02,0.06383505860290477
CC_7ED2683D26DD,0.08114349761679424
CC_7EDB3440E0AB,0.6227919098299945
CC_7EE12013C7DF,0.17694442828658002
CC_7EF824CC0D3C,0.1379073017464755
CC_7F09C6F6321D,0.7642235250538214
CC_7F1AD40DA179,0.1827959327473585
CC_7F1D38A39164,0.0733692620368291
CC_7F22B7D326CC,0.19537395963973475
CC_7F2614F1AAAE,0.23234056388519841
CC_7F2CDC7C1634,0.04746738288411329
CC_7F2D46DF9BC7,0.1569750342992548
CC_7F57A90B69E0,0.24130033320178162
CC_7F633226A676,0.29066611487154537
CC_7F753D809267,0.6778846744124756
CC_7F7EBF25AED7,0.032202858307789135
CC_7F8496CC5779,0.04086078444215639
CC_7F88D9C5D258,0.08930868978707251
CC_7F8AB4DCA794,0.12540766412305382
CC_7F8CC9509418,0.28063496151498835
CC_7F9069571F79,0.28249693882596427
CC_7F9AD27E079E,0.16486052488211844
CC_7FA281AC1C7A,0.08774840127270063
CC_7FA389E90548,0.09451291587351479
CC_7FBF4A48AF55,0.04975521645689221
CC_7FC40175A8E1,0.24266044222522
CC_7FD58EE7029D,0.08461260947014254
CC_7FD7F635C341,0.05547253154034952
CC_7FDD458DA059,0.23019732328867437
CC_7FE85C259E03,0.0914019746950748
CC_7FE8CD30D7E0,0.0943313880960776
CC_7FFA32DE7B04,0.1600559851072773
CC_8014F1E2C5BF,0.04358347255549577
CC_8015895C1C29,0.22929107390733122
CC_802BA7E39A13,0.058123978822251496
CC_80300D23C3FE,0.4526170066886407
CC_80465303B6E2,0.19014995568552512
CC_805ADFD46B84,0.05832249699515296
CC_8060F40D9522,0.18623981548074264
CC_80621E822131,0.057970374157541
CC_806654B580B5,0.448831871045143
CC_806CFD6A52BA,0.037087355891465015
CC_807935BBEB7F,0.053196307246380845
CC_807C57E626E4,0.07514072122592216
CC_807C91C98684,0.030603622741488187
CC_8096B589BB07,0.15941201723376466
CC_809D60155E9D,0.06966546650131157
CC_80A2189E5125,0.5180401716111777
CC_80AF87F62770,0.15722279761212393
CC_80C03DF9CC57,0.17864330431534337
CC_80D9B6563750,0.5704689427244836
CC_80E9638ABD4B,0.05032817343622259
CC_80F7171B71CF,0.11876855511899126
CC_80F9983BC18B,0.060971759504173974
CC_811109A98EFF,0.10846388445819705
CC_8129480B056D,0.36607423887403967
CC_8134E5DA9FEB,0.5673949085875388
CC_8140399AD344,0.11497659704912311
CC_8140E278B6A0,0.23179671851544104
CC_814E0F756757,0.43654766357315367
CC_815FAAABFC91,0.18824663389957053
CC_816B28807CED,0.07868828699277178
CC_81821F9F2307,0.5211053810808222
CC_8186D7991EB8,0.04852122362421048
CC_819E203180C8,0.8202362801213949
CC_81A5E3141BDA,0.5563096410042303
CC_81B5CED8EE79,0.14339558290686816
CC_81B91198E00D,0.7571102448905176
CC_81BADC379C8B,0.19650588441473565
CC_81BF8EA390F7,0.05495197207385048
CC_81C5FC962C72,0.06451687904231354
CC_81DDBFAF1CB6,0.05739308027565252
CC_81DE637E6138,0.03316808292926571
CC_81F389DEC9C5,0.08245774543044265
CC_81F647806849,0.12726997201916912
CC_820D491B2903,0.7873152718654952
CC_82172863AA45,0.26067998846232143
CC_82195FBE9366,0.05821980464434068
CC_821F503DA953,0.08029151610343535
CC_8221AF9B0B93,0.7865358188557323
CC_8222D1C47857,0.06213566529732024
CC_824BB6CD2B25,0.06506722447941542
CC_825192411933,0.08949479206670202
CC_8270E213EDF5,0.18642739195509309
CC_82839CC161E8,0.06406511692085887
CC_828A0B6D7291,0.1093469359309461
CC_828EDE22A438,0.03500493282792251
CC_82928B5ABD45,0.30123554423496357
CC_82A7FE954659,0.1816662876006205
CC_82ABE1FFFA1F,0.13326216904805022
CC_82BDFA01C41F,0.11524936973441981
CC_82C20057CB4A,0.08350773041136583
CC_82E52529A567,0.2325730091314845
CC_82EFBFCF68AB,0.13306961753266228
CC_83092F58B321,0.13028885570233917
CC_83098B4BBD4A,0.12086215633941477
CC_831F9E623C5F,0.17945800683560834
CC_8326C8A3D569,0.1108704614392767
CC_832730F42A18,0.12281773864085213
CC_832A44C3F2A0,0.05319590054152239
CC_832EBAE498AE,0.691841459102174
CC_833B196A70F3,0.7494388094426743
CC_833E14DFF4C6,0.1472261141885333
CC_834092035687,0.3712713478666434
CC_8351244DE3CB,0.05465212292433934
CC_835B90025058,0.04667975489328813
CC_836534CEDFD3,0.14324546121427395
CC_837ADC1EA55A,0.18049710094364046
CC_83884D799788,0.1919337024998491
CC_83947255841B,0.11806858234001692
CC_83A5A3022ADF,0.8303556463955779
CC_83ABA98906DE,0.07292631617217935
CC_83C75D07414A,0.40161541689039004
CC_83CBA767432F,0.7710668881985214
CC_83D342F53F36,0.15162035472169208
CC_83D5CA2A23C2,0.03477488864499473
CC_83E002D6D82D,0.18216120829512733
CC_83FE1BCC83E6,0.3219216643231001
CC_840E5B830DB4,0.05191234130197274
CC_842525788FC1,0.2002113377022413
CC_843076C8EB9E,0.2814094018041691
CC_8442C97EE91A,0.12263668286657617
CC_844C3C30ED67,0.09731427532097162
CC_844E345D2636,0.21017778809842655
CC_844F26E92B12,0.16721753736441772
CC_845032D8A261,0.2874030450476581
CC_845223F606E2,0.2914952152973752
CC_846F5B19B110,0.36558242080887576
CC_84797EA9ABF9,0.1864980076722018
CC_848D59D48081,0.16218754146252107
CC_84AB057BFCCA,0.04993471541722688
CC_84B0BA112537,0.06631789160376386
CC_84B8FCEDADD5,0.07766024220485993
CC_84C61A6BE99D,0.09668351404563286
CC_84CDF830F68F,0.07702539218508515
CC_84D5B88572DC,0.23960383051534062
CC_84FABECED186,0.12021510467839772
CC_8503F43FB29C,0.19385285054196444
CC_850ACB004EE2,0.08913136130361168
CC_850B114489CE,0.09552520352140001
CC_850CC17BB13B,0.12958504838331852
CC_8518C159BDE6,0.1377452939969553
CC_85299261146C,0.07781691596817071
CC_853986C52A17,0.049978561771839916
CC_853ABBECF2E1,0.8265533554622525
CC_853BF4485D85,0.1828485364654015
CC_853EED03843B,0.07296999449555858
CC_853FD1B551B1,0.1712536600805357
CC_854AAA98CC0C,0.8096304616863284
CC_854F8AB5F1FE,0.037321690518916574
CC_855E2A785BAA,0.10354255671052887
CC_85614CA68432,0.05875296220513898
CC_856B92B23BB5,0.8287624514562504
CC_856DF4A30E13,0.7422269662601295
CC_858704DBD5A6,0.059092431387629686
CC_859EF0AAA74A,0.04406071574607985
CC_859FB710961E,0.1566887351603753
CC_85A0EB3C9884,0.5981814792323799
CC_85C887BB996A,0.09242283790736934
CC_85D9A6C9CA60,0.13332763502309444
CC_85DAF10E61A1,0.5687659560014878
CC_85DEF8ECB524,0.14621282270364677
CC_85E2E0B8B15F,0.7145820344394287
CC_85F018DC47FC,0.3228213445752185
CC_85F376B33951,0.1744236381861503
CC_85F745E1D307,0.14962640067436805
CC_85FAFB430486,0.27228720193935624
CC_860D4B868C17,0.027065456440297668
CC_8614E30C9FCE,0.42185348367148545
CC_861F5DC22035,0.05296364493092145
CC_8624ABB391B1,0.16929166978744037
CC_862BAB422756,0.3368697206738924
CC_8642F98E5504,0.19219492226868878
CC_8655B8862C81,0.1682896067271364
CC_865FCEE75A8E,0.03026901523957779
CC_867372811CCD,0.4480348765283676
CC_867695B5C296,0.5445811478039821
CC_8682B1F914ED,0.14411858804758598
CC_8691DF144B92,0.47077692543381267
CC_86AD259FA5B1,0.14100813194238193
CC_86AEC21936BB,0.7666009527300901
CC_86B1D15F8424,0.05250603978885009
CC_86C2A6EC5712,0.7458206057769731
CC_86CF816B494B,0.07717200120182377
CC_86D4D58B1D0C,0.1783293277873396
CC_86E2C4E17CB6,0.0528910193064792
CC_86E9E191E3CA,0.3726821506033928
CC_87000C16C856,0.10311435891995617
CC_8703DD5FA02C,0.1654207332125477
CC_87065B1F429D,0.10473717502714494
CC_87434BBA1CE7,0.050203446979864216
CC_87450EA8CD55,0.6748484928094676
CC_87480F785786,0.07284985931066584
CC_8777EA6EBFD4,0.04566289448331541
CC_877A35E76904,0.08041853775441705
CC_877B37D01563,0.13015156840798547
CC_879759A5EFB8,0.31664383121471407
CC_8798AF2651BC,0.11420440912461782
CC_879989FB3B92,0.5894247095160802
CC_87A3BECEE5A4,0.1576108843721034
CC_87B7CDF4BDDE,0.037525755213415155
CC_87C13E620006,0.29416290224832253
CC_87E3AFB080F8,0.11443726469102382
CC_880044F77ACC,0.10194046814858346
CC_8809BCAC74A9,0.03783057268325628
CC_880E0019DB5D,0.03403151526300977
CC_880F027D886E,0.11597201336074361
CC_8812BC579F7D,0.08618267367648719
CC_88225FE57D82,0.22339052798383746
CC_88315318E9DA,0.31415526566796825
CC_883864E584A8,0.07686644087586499
CC_88469BAD58C4,0.05643282815019024
CC_8854EE679596,0.07300346559020329
CC_886273CC4072,0.06809182423181395
CC_8866B6D4524F,0.2621045151524565
CC_88A943606806,0.27045597593193843
CC_88E916A3F984,0.8874101533026085
CC_88FDC55C31A4,0.10929318102780383
CC_890D5EE59076,0.03486405220332904
CC_890F721517F2,0.09210624262707472
CC_89129D16418A,0.28887006564865714
CC_8917F02F9326,0.138587583611572
CC_8920B6584A43,0.07127875109670205
CC_8929DF270419,0.7477064606229592
CC_892B119F0E5C,0.16223214003562614
CC_89302456B9D5,0.6601255814369997
CC_893FAA6D1F04,0.7863392706378154
CC_895AF697BFBB,0.30080932844957753
CC_8961FF892F79,0.02838410146586843
CC_897674493060,0.06875493508891739
CC_898AFCD28B03,0.12247039542220943
CC_898CC919D10F,0.19512359231350496
CC_89A711195EEB,0.1532122218070896
CC_89B4DF07DF12,0.08381504058402617
CC_89B941079E10,0.09707782809698282
CC_89B97E9FF67A,0.10955058388736102
CC_89C5162E8055,0.188386122548671
CC_89CA0F1E2DBF,0.2114611036862711
CC_89DEE29A78AA,0.10862085450931344
CC_89E089707730,0.13969486196855424
CC_89F0B865A6D4,0.11522762272014593
CC_8A04C5D4D02D,0.06523283765538439
CC_8A081AA1FB92,0.35748533579792524
CC_8A0C640E7A89,0.5596729926717195
CC_8A12B68246A6,0.04932421364859904
CC_8A14A46B280C,0.15068724493307906
CC_8A165A18560F,0.25740325271584497
CC_8A19196788FA,0.06551605654683941
CC_8A25FA445037,0.10290882466513854
CC_8A29EA87B295,0.1316488367566437
CC_8A2AC87CB22A,0.054851557535242276
CC_8A34634E7423,0.6093200891561146
CC_8A38BC1AFE57,0.06727583764557794
CC_8A4CAF0CD0F3,0.107919642426894
CC_8A5A0429CAB0,0.1435314362448598
CC_8A6E60FAE870,0.08264059533588364
CC_8A7DA054E397,0.7232063417201868
CC_8A7F5FF4B421,0.2339371107903639
CC_8A8249A44847,0.1373386079009376
CC_8A8BCE16DF45,0.10501357380619042
CC_8A8EC764734B,0.07176320370689847
CC_8AB553BFA00A,0.09733275920196985
CC_8AB57DC077EE,0.6684109803793064
CC_8ABA5808D313,0.07044084486969004
CC_8ABDD9A05C87,0.35027654562827487
CC_8AC7520DBCCF,0.15590530301606567
CC_8AC7F8BABF28,0.06848498800028782
CC_8AD67FB3A5CC,0.7721610938911323
CC_8ADDCF5EDCC1,0.10502170738558683
CC_8AF1C3A0799E,0.77055984295752
CC_8B388FAED0B6,0.11874357310401877
CC_8B46CA903D09,0.0291035265037518
CC_8B5819403FC8,0.7246401346160483
CC_8B581B8207A9,0.13222624245884257
CC_8B6DBEF19F46,0.14797099877238118
CC_8B8326C4C229,0.11384063082675555
CC_8B850FDCFC83,0.08527453177304445
CC_8B8F41F19B72,0.0721457495085697
CC_8BAF98C60957,0.1266442892338139
CC_8BB0824B181E,0.05507242067951906
CC_8BB963DAD9E2,0.15600484507753848
CC_8BBF5F939D7C,0.13421467057653666
CC_8BCBDCF4DFF1,0.0917671341119532
CC_8BCE343561CB,0.7679054057277573
CC_8BDA87361657,0.0836431917687297
CC_8BE68A4DB87C,0.06337951125414737
CC_8BE9BBD879A5,0.044498328549413456
CC_8BED85B91011,0.3628105224139376
CC_8BF68E552DA2,0.1833067080588851
CC_8BF832E6464E,0.8380930224202108
CC_8C1561920E84,0.25292914758677343
CC_8C2A7D9A667A,0.14831965012471965
CC_8C3A5DFE70B9,0.16862465630391638
CC_8C534CCBDA4C,0.21159612006966116
CC_8C6472A3EEAB,0.05778207457434441
CC_8C6B4854D16C,0.21407001349142002
CC_8C76DE4F58D4,0.05467441288300709
CC_8C7DA3F4F88F,0.08317026623845612
CC_8C8527DE7DD7,0.08023364507221444
CC_8C9416612FDE,0.4244388226155983
CC_8C9973F02AD6,0.31982430918283417
CC_8CA1DB61A2AC,0.05449973069551923
CC_8CA59CAE22F6,0.1786631778021885
CC_8CAFD04A6EDD,0.10429362581085969
CC_8CCCC389913B,0.6457060655000907
CC_8CCEF12DC7B9,0.2002859627092665
CC_8CDCD714BD1F,0.8072425527671147
CC_8CEC7987D1B1,0.07575228631406614
CC_8CF621ADAC0A,0.2749348762451007
CC_8CF8FE2A4B82,0.4137753364613289
CC_8D048396D9D5,0.10919083422284764
CC_8D1089C58563,0.5313144434318064
CC_8D35A37FC4B1,0.13837511209885556
CC_8D41E12FE5B6,0.14222205548492406
CC_8D4A859839EF,0.14998145249110645
CC_8D4AD431C55F,0.08853044080961278
CC_8D4D882CA579,0.11443248464193242
CC_8D6151025078,0.1197852179059368
CC_8D637233FE54,0.17020910567543424
CC_8D6AEBA2D7EC,0.0818561589222245
CC_8D6E16DED971,0.16801553403965874
CC_8D7329F79BBD,0.48417208219669494
CC_8D7B7307C43F,0.09724455371550898
CC_8D7B9D4936EC,0.7639497968234914
CC_8D80B1B44AE1,0.4944726405067571
CC_8D9516D61143,0.38459627170110805
CC_8DBB8445786A,0.09637127842072177
CC_8DC5B86D9DCC,0.7665012963370053
CC_8DC6465998DD,0.22080653971581565
CC_8DDD0EDA9CB2,0.14827801077621705
CC_8DDEF0265CB4,0.06394799176551184
CC_8DE06BEB95A1,0.08206405442688351
CC_8DEBB5B14A14,0.14469554969632292
CC_8DF5BE7F759C,0.07204162975961528
CC_8E0ADCC71F85,0.048196246672935046
CC_8E0BD86F6F0E,0.1108370256247885
CC_8E143BFCF3E5,0.10710289006604391
CC_8E170A60D71C,0.34994091006789707
CC_8E1C3A21FAEE,0.1037793459422989
CC_8E408E18F060,0.10670173752303638
CC_8E42FB163DA5,0.821478131047354
CC_8E47536D29BE,0.2858627862092725
CC_8E50AFFC5BBD,0.045089095979000106
CC_8E5FB1035354,0.16163226001075784
CC_8E7B9B8DD1A3,0.10541047724161795
CC_8E85B08196AF,0.040567828299321235
CC_8E96FC75AE5A,0.08376986519721595
CC_8ECAB5A6C7B9,0.06025507255590041
CC_8ECC4C7A6638,0.5962674847248719
CC_8ED6F13C35F5,0.15594369889064136
CC_8EE5E9467038,0.16250479650217026
CC_8F037E5AE692,0.05390230817129334
CC_8F1A418D96B3,0.29656433674045257
CC_8F1C4014F91A,0.13944729379164406
CC_8F30A5FC9D49,0.08694560946076421
CC_8F3456F298F7,0.2019360270704837
CC_8F393D485C29,0.14972323214951566
CC_8F4A41130110,0.047692684724695844
CC_8F7AA6E4D486,0.1266518591541953
CC_8F887BE25314,0.14536007333193324
CC_8F90CD1A5E00,0.1560988212025895
CC_8F9B26042C4A,0.11047484718605004
CC_8FA9423E65C6,0.1099600428534562
CC_8FBA6C32E0A5,0.2843664621392217
CC_8FC1C50C41E7,0.09109699019016267
CC_8FD005425792,0.07064287460438681
CC_8FD6A223135B,0.13513991350799798
CC_9002450E1B5A,0.053357087335416026
CC_901CE62199C7,0.3506870816649765
CC_901D2136E1F9,0.18045927500967893
CC_902648F62345,0.16154106963604792
CC_902BF0612E70,0.14610764711278923
CC_9036F7423277,0.1934933886733693
CC_903AD2767BAE,0.730151959765672
CC_903E4BA690FA,0.2709701690453552
CC_904386E31210,0.0528659120423887
CC_904EA6C846F8,0.4138324023287896
CC_90549DD3CC39,0.13775820889253082
CC_905739E5494F,0.09171533742794136
CC_906F852C69D6,0.6523856008113056
CC_907911F4930A,0.2898315412667719
CC_90798A7273BD,0.13737597910209404
CC_907F3A8AFCFB,0.08716817794797535
CC_907FA7722881,0.10552247356731925
CC_90812D9F30FE,0.08620521034642
CC_90870A89F310,0.044807899795710295
CC_90894CA021C3,0.6894301358378261
CC_9092C5EBF5F6,0.07052726033298809
CC_90A10D649D9C,0.6665793490289363
CC_90BF8E127519,0.636666677116748
CC_90DBB385A7F3,0.750869434756881
CC_90EAD308012B,0.30105838555327724
CC_90F4BF0B868D,0.1115050275516141
CC_90FA39516EAF,0.0714292304790497
CC_9117894F31C2,0.20209136012817847
CC_911ED63BB556,0.3335056376376365
CC_912730AE6E8F,0.3082014016781782
CC_912CA7EE4C26,0.13192866093102035
CC_912DA46AAED2,0.09739028201490585
CC_9132E67EA479,0.15566489173788856
CC_913D95FB31E0,0.1609408454200169
CC_91529F20D461,0.8136256956225565
CC_91586318C780,0.03907402188338141
CC_915F2708219D,0.17368057356178157
CC_916CCF9CBC08,0.030161341909231934
CC_916CF77A29CC,0.08778830850417312
CC_9189E4FF82C5,0.14961728823730305
CC_91A27CB6139A,0.13876372081959526
CC_91B7A4A15A37,0.6337853828691882
CC_91C2077BA6D7,0.07173554744429517
CC_91C4CC43EEE5,0.14669925932770211
CC_91C55BE33AC7,0.06162832956767764
CC_91C81BC58B49,0.0631597961858606
CC_91DE12EE18A7,0.35339589276145644
CC_91DED13CDCD9,0.15775335232743665
CC_91EF639761F8,0.15067022971541494
CC_91F23A7E743A,0.3500698830582186
CC_91F4C5E889C7,0.7425384261007626
CC_920E91EB28A7,0.17774914005602438
CC_921481F5F77E,0.11118240729732787
CC_92221DB27176,0.19588975001576808
CC_9224D5677C66,0.10467066204945799
CC_9230B9656F93,0.20814165645158533
CC_9231D0F8A993,0.7490454696811926
CC_923727159A8F,0.05945564381368057
CC_9248706729D9,0.047868505788187424
CC_924AEB5DD991,0.1682391238977663
CC_9250BA851692,0.31034708531227084
CC_925BACE3417D,0.10694985615513844
CC_9260CD0D7C0A,0.1294819762249044
CC_9285EB21B38A,0.1109404021638922
CC_92A09F03DAB5,0.8273023789049987
CC_92BC35D7F9CD,0.08922794870483332
CC_92C5FE9E5B12,0.7242964257160736
CC_92DC8CF8C902,0.10346547373867304
CC_92E006664648,0.25414114571858976
CC_92E4EFB9F0DD,0.12075156821690308
CC_92E621E0298E,0.18640215550038214
CC_92F412AC7D22,0.06555461993260525
CC_92F42886B7E4,0.2061124454013058
CC_9301E23D376D,0.5878636378664138
CC_931133320380,0.20432116353451735
CC_9314B6D8B7F2,0.07219693067243191
CC_9337E3B43211,0.23190952076617405
CC_933E044F26DB,0.0795783259661
CC_934BB89938A3,0.10070690479532629
CC_935296A995DA,0.1240828996874252
CC_935326AF26E2,0.18037818992362314
CC_935B72B8E7F0,0.04363249908118373
CC_936FF3C9BE68,0.03869570148371063
CC_937FFE1718BC,0.0394957101999491
CC_939F92AEE460,0.8299590491363102
CC_93A4365B25CF,0.8251123482102785
CC_93AB9D6A7EFA,0.08353122607454685
CC_93C719738590,0.8444139143856898
CC_93CB48930B37,0.21743897424352993
CC_93D24FAFD21D,0.10074647677222662
CC_93DB5F477493,0.10035478449650279
CC_93E1CAFAD44D,0.07106647387863928
CC_93EC9F853123,0.19161967089847387
CC_93FEAF515A8E,0.053214609111182795
CC_94063A67F136,0.32237023733191156
CC_9406E32819F5,0.05786469436961559
CC_940971CBC1A4,0.12286682383211522
CC_940ADC8DEA3F,0.12880541247629224
CC_940C7E8E0C52,0.23985816287772488
CC_941DD2E1DE56,0.137963486018369
CC_941FC1FD0D55,0.21168184763769193
CC_943B720DB5BB,0.11730119567848248
CC_9440309323A0,0.10950572311437687
CC_944B461BC558,0.07463406226148958
CC_9453654BACE9,0.17327384528579254
CC_945888CEAF10,0.33866689108156356
CC_9458D4A483A8,0.11410071294497715
CC_9464BA7E98B9,0.09340834537359698
CC_94794B478A5C,0.26103377568125696
CC_947E58EFF90A,0.07236502109711662
CC_948537FC17AA,0.7878645585474995
CC_949576D25153,0.07612137888661777
CC_949B8CEAD619,0.08087053562754401
CC_94B4E05906A9,0.13408100897116076
CC_94C3B6F3B0CC,0.14045770439030128
CC_94C3D9D8FBF3,0.6545119614716823
CC_94CD530B2099,0.0767265676939134
CC_94E9D1E527E6,0.02913872362144502
CC_950450C0845E,0.38834926639537026
CC_95169A4360C6,0.046337048868835266
CC_951A69571676,0.051588072954593805
CC_95232636844F,0.21368875506462487
CC_953A5913EDD3,0.15169692488574665
CC_953B678083F9,0.06873837784900394
CC_9541BD0604B6,0.15522966189959705
CC_954404C1BEE6,0.38206609351486576
CC_95444ED71872,0.08023303633978127
CC_9544B86C78A6,0.7711348166962921
CC_954AD7E7C8F1,0.14992097665927817
CC_95525CC6C854,0.15326445062218708
CC_95573B318A91,0.03378816017808766
CC_9569309DC18E,0.07462237755555184
CC_956A2DF28600,0.2032364174003218
CC_957C7A0D7B72,0.37071716846854436
CC_958BECCA0BAB,0.44171217550239217
CC_95A6C4DA2F12,0.599263811248411
CC_95AB75B5BBBB,0.12333136364044732
CC_95C1274DD7DF,0.027124153419416066
CC_95CD8F6A8CBA,0.044563299314161815
CC_95DD4DC604BD,0.18533739984073627
CC_95E1AC08266F,0.11818168655450491
CC_95E3DDCB74EF,0.06787044296777522
CC_9601384AC971,0.44587275794225034
CC_9608A73A8025,0.15984189201306104
CC_961F3BFBDDAC,0.8838883837686815
CC_96206C1277EB,0.2919903848545037
CC_96396AE6347C,0.19398758035868108
CC_96416D2A937F,0.2104636455151238
CC_964C2E0B00C1,0.21134898210770497
CC_9657A2A04BAF,0.2301366514407266
CC_9662D713B7BB,0.22601855044834848
CC_9664F83B7F1D,0.21234237177306078
CC_968AF836D0C4,0.05448969003086712
CC_96A6735A4317,0.06187974993887645
CC_96BC62A4A0AD,0.23257286938913224
CC_96CD75668A6C,0.059950047883172985
CC_96D928252719,0.3884325202858398
CC_96E40BDE9A6C,0.1135018297019902
CC_970116768415,0.23338504219472672
CC_970E94875C2B,0.7674920928335728
CC_9721C8A61D80,0.07835961792421664
CC_972313B0F814,0.15909575074355026
CC_972FD8FFFF63,0.5799525202507472
CC_97478A77EC17,0.19528668343644262
CC_974D14774BD8,0.06217492833523473
CC_974D86BD39FD,0.048574746723188476
CC_97508465AB76,0.12746717760959464
CC_975689C0CD6E,0.06739871481372038
CC_975967702106,0.042392390277697076
CC_975F3F07ED23,0.06619860962844006
CC_976E0D9A64ED,0.3783565477865761
CC_977145B2B363,0.39293519970851437
CC_9772CABFE1D2,0.8250140153089166
CC_9773C1E6AC8B,0.6637934140403187
CC_97832657396B,0.441058333940295
CC_97963C337FD3,0.4801883229921059
CC_97978B581F20,0.1819708307541414
CC_97A9ECF23955,0.20004478037017137
CC_97ACD6D965F3,0.10410079626317453
CC_97C69AF6E34B,0.7568370453061735
CC_97D0E7256861,0.6566551579118782
CC_97DEBFBE2BDE,0.3011966662241897
CC_97ED469F2950,0.11475584230299152
CC_97EE84ABA6BF,0.24631176303553098
CC_9801B22BF375,0.10116750046062975
CC_9803B6D4D780,0.23713230551527037
CC_980E90C8A301,0.1227441687308177
CC_9814B3D08A69,0.06999602761671694
CC_9821BD45BB0D,0.1458512168950047
CC_9829FA0350F7,0.03559410978619951
CC_982CAA309A38,0.17304683759890635
CC_98346EBF382E,0.18227020398335167
CC_986698CCC6AA,0.12103670930468789
CC_988FC580CD50,0.11291338215162101
CC_989795BA3DD2,0.07045593879415234
CC_9897A1DFE807,0.0879431328330014
CC_98A2C8F4E956,0.07744934555993141
CC_98A3E6CDC707,0.12867230301260657
CC_98CE15EE1565,0.06768111753794694
CC_98D036D16215,0.06156709494929547
CC_98D09B14EE3D,0.4959871055848537
CC_98DB782DF852,0.054361631466830894
CC_98E2EA67BC97,0.07132250454058246
CC_98E6E7CF74AF,0.08840056391648685
CC_98EEEB2A83DF,0.6768955030710007
CC_98F3D3194788,0.11461462587843664
CC_98F8A8CF4F9C,0.32020631243189746
CC_98F91BAB57EE,0.16324616278382725
CC_98FA377070FB,0.20483796429492024
CC_9900D0479959,0.3167645673669227
CC_99061A735C6D,0.24204175182414495
CC_99093EC1A2C2,0.11985595336678895
CC_99376CA4DC26,0.03485496938899782
CC_993A588895DA,0.12557478749722692
CC_993EE6417CED,0.07351033666204448
CC_99559319913F,0.03724109575536756
CC_9970123DCC41,0.36638873172392195
CC_998BB6848FDE,0.09422708440553063
CC_99958287B2A9,0.5391044739381463
CC_999BAB2D16FA,0.3999911778334664
CC_999C7029261D,0.6151846962120406
CC_99AA61D1896E,0.08271402893463618
CC_99C03E7D99CE,0.04707668166613875
CC_99C62022794F,0.08807580037206221
CC_99D46BE6593A,0.15978702070718687
CC_99D5A5371B39,0.17060885898029893
CC_99D79709AD9F,0.8094962694884722
CC_99D7DDAA460A,0.1264420325356327
CC_99FC44B3C58A,0.13031304767840513
CC_9A02B2A17C07,0.08700295357768736
CC_9A05DE55D408,0.18840897395818865
CC_9A0C42AA09BD,0.45194879563596513
CC_9A2B390551F6,0.03645914973166635
CC_9A2D66206BD1,0.4805351820889387
CC_9A366E181FA0,0.17092493456816643
CC_9A39365FA850,0.6589007445623098
CC_9A42833BA860,0.05000225116762509
CC_9A4911A0140F,0.08987084327817763
CC_9A4FE1E8E0C5,0.3657605922451918
CC_9A51017C734F,0.38833920595730587
CC_9A5DCCD62D0A,0.34791415513596463
CC_9A602F492510,0.1670611459733276
CC_9A66BDD34B89,0.04109264718890767
CC_9A6AB0AB1E67,0.054253196145573626
CC_9A7049ED5656,0.609333882919507
CC_9A7AF31828E5,0.10071129942383533
CC_9AA750377C6F,0.09078885961865302
CC_9AB359C82202,0.054595741312208804
CC_9AB7BF77EE83,0.7863364885836908
CC_9ACAC8474B9F,0.026145201543553414
CC_9ACCA4FB9101,0.05798880045797418
CC_9AE1529AF9E0,0.13288916779774407
CC_9AEE181F1156,0.2466204348191461
CC_9AFD130D3725,0.09018242689021769
CC_9B09C3353732,0.08144831755547352
CC_9B0D37817EBB,0.08869473900537983
CC_9B290B59155F,0.4000646887509912
CC_9B2D487C64B0,0.09442585510238126
CC_9B3DEC76ABF7,0.060626001560653384
CC_9B4F778D0A6E,0.12806329795162735
CC_9B581A92C2A3,0.3988496361557376
CC_9B5CA8C38414,0.17637637942077514
CC_9B6E82167593,0.1762340713382181
CC_9B6F6B2BCC05,0.33417875557017523
CC_9B7FC3DA1594,0.3470377985064306
CC_9B957DC280F6,0.19281885966752754
CC_9B997DF20042,0.34824852946366974
CC_9B9BC4B83736,0.07263304410714895
CC_9BBE1A16C04A,0.15433700052127183
CC_9BC63F1A568C,0.2967578993373493
CC_9BCB0166227D,0.22685907470951305
CC_9BD3DC96ACC5,0.1327487162171509
CC_9BDC5A0E43C7,0.45092086861617753
CC_9BF9485A3F9D,0.2467747929977645
CC_9BFE93FF2145,0.2534377487425874
CC_9C0470A0536E,0.19201219690269966
CC_9C205AF09E47,0.555317451133523
CC_9C30DC5C1E46,0.06127252782125894
CC_9C325B6CAD11,0.05037154804870607
CC_9C4A200D0BFB,0.42436365987809155
CC_9C5EAF238007,0.2411011545860196
CC_9C601C6BBD37,0.06191902766404685
CC_9C606C2C92CC,0.06731672501466572
CC_9C6192D3A16B,0.069525802228358
CC_9C84FB9B1469,0.06831231283010834
CC_9C989433D637,0.23454301514408626
CC_9C9B2FEB4937,0.17044535172635394
CC_9CA7FBE1DD54,0.12760189948771405
CC_9CACA50F80F2,0.19523789948593523
CC_9CB40D552388,0.06673794303263555
CC_9CB8127D17F0,0.037846499719814596
CC_9CB9CE2989CF,0.7319856046381124
CC_9CCE51CD83ED,0.8676103801028279
CC_9CDD2F3D0BE7,0.047663866015482434
CC_9CDEC693AA99,0.401123391306052
CC_9CE9091AA9A9,0.24042878265886936
CC_9D007C60D29F,0.09115108401388824
CC_9D017774D4FC,0.6716184474970466
CC_9D095EC1F232,0.28532021639058697
CC_9D1A1281C8FB,0.31628286390299354
CC_9D23F42B7996,0.4416647882270436
CC_9D2FBC479646,0.6421571622895932
CC_9D363365CAFD,0.08643977125581412
CC_9D44E4543573,0.1573123517245758
CC_9D45F67E3B01,0.06866626650404772
CC_9D535DD207D2,0.06892448944937439
CC_9D53ED53A15A,0.5779541393833633
CC_9D5D97AEE98B,0.5045115941294727
CC_9D5F2A5B6913,0.0809143324770884
CC_9D6BC1C470B0,0.5065153035710191
CC_9D71FBDE765A,0.04613687243008888
CC_9D73939E357F,0.10270839404922533
CC_9D82F401BD88,0.6274138937755471
CC_9D8B4454BE84,0.2776305316334786
CC_9D92537645DB,0.07201317529391771
CC_9D95ADE03ED1,0.17757653655835454
CC_9D98FE7A1809,0.051270383648455806
CC_9D9D59757786,0.06183878323868003
CC_9DAEB38616AC,0.13779391374184308
CC_9DD55CC0E928,0.02361148637262324
CC_9DD6B460CDFB,0.2600249520263338
CC_9DD80B5E3729,0.09483945352519974
CC_9DD82B4310AC,0.4018231936250132
CC_9DD9389E8AE0,0.08402557250778644
CC_9DDA8ACEB3D8,0.08139873277167275
CC_9DDCD898D01D,0.11930916103421724
CC_9DDD90B42A27,0.855188354812249
CC_9DF1807A4316,0.044626862241389745
CC_9DF786FD2620,0.4607788398363778
CC_9DF7B9B3C8F8,0.08362302075429667
CC_9DFF6E2AC586,0.15032869647920993
CC_9E0546BD7BD6,0.12895331641856908
CC_9E0BE8227931,0.09683955075656933
CC_9E1A205BA261,0.43525325853352986
CC_9E2967559B00,0.0635937326699457
CC_9E323A031449,0.7626476291161037
CC_9E377CC03D51,0.053065879996962946
CC_9E3B83584C12,0.15104230444163014
CC_9E3D46FF5709,0.5622947381854282
CC_9E4FA91B86A9,0.06963683495603833
CC_9E53534DCD6B,0.15304747460442025
CC_9E73656FC8C0,0.7548229421074619
CC_9E7430675033,0.1759494578682419
CC_9E84CACDD7B6,0.405730665642627
CC_9E84E0E4C5BE,0.33318734394260247
CC_9E9C65275B4C,0.08788428978534868
CC_9E9CB6473D59,0.230167153474091
CC_9EA4F11BE6C2,0.15686861440500588
CC_9EBE3F26F2FB,0.0702666415891117
CC_9EC23AB6C573,0.3235409860821279
CC_9EC34DDD0E53,0.05546678008699614
CC_9ED8EDFE8C55,0.07287938068353084
CC_9EF352F179D2,0.06252048544730085
CC_9EF505400F8B,0.6433778532326564
CC_9EF66D83B743,0.3275872080735036
CC_9F051572BFE4,0.18728773993439693
CC_9F151A782BAC,0.21694452971862016
CC_9F1A5DF4619C,0.4556149065076285
CC_9F1BF78ECD7A,0.09289935749690265
CC_9F263092AD72,0.14625325420729907
CC_9F36EC36A9E6,0.0834957880229747
CC_9F3D52242888,0.15770824390659485
CC_9F41F312CDBB,0.35531583498849517
CC_9F425167F9ED,0.1735092269757936
CC_9F6981E0009A,0.37377992794220205
CC_9F706DFE0AE7,0.03226738221662291
CC_9F7B525DD52D,0.32215782556153666
CC_9F8D5A5A9DAC,0.1712255771482088
CC_9F8FAE57E6A8,0.12432492786899751
CC_9FD1AB8E65FE,0.04872125835507145
CC_9FD2689202D5,0.11574083016341635
CC_9FDBB5C2CD09,0.05191991996841264
CC_9FE52BD71CA2,0.1025760859709913
CC_9FE8E62EB24D,0.08377750697983133
CC_9FEA59AEA00C,0.258189964886471
CC_9FEA77B36A29,0.3664395450411227
CC_9FEE9701D16D,0.25116238912621813
CC_9FF35BA60E6E,0.2552814937482417
CC_A0003F08B22E,0.17520243088176957
CC_A00AE2543224,0.04863771057663366
CC_A02A29DECDC6,0.09398460894385008
CC_A0336C21117C,0.6897310980091256
CC_A053B42BBE0B,0.07117122891409497
CC_A0591F16FA37,0.028328150591453806
CC_A05F962C80FF,0.16219688394088239
CC_A07B0549E53F,0.06510235826405315
CC_A09F230CCF5D,0.6696722160253316
CC_A0AED6346ECD,0.17248757633166767
CC_A0C4A796643F,0.11514139300352506
CC_A0D6DDFB430F,0.06367976093946241
CC_A0DF672F9C4E,0.1237643717487158
CC_A0E8C7C5558A,0.2681510384565971
CC_A0E9269DF22C,0.4955815805507554
CC_A0F1DB5CB28C,0.10030116703962222
CC_A0F42B26F8F0,0.054631830348930994
CC_A0F8F80EDFB0,0.07618879541805802
CC_A10AD9550E4D,0.034248974854855146
CC_A10EB26E5EE1,0.17765830426809504
CC_A111B065F623,0.06694170684853877
CC_A113D95B4AB2,0.14045932562699168
CC_A1320C0F0129,0.800024913240102
CC_A1348D850EFD,0.7670057372303163
CC_A13D08B372E8,0.07058003199397532
CC_A143E64BD9D6,0.3513469385345914
CC_A14B0A24DC3C,0.10408900937670892
CC_A15137F25F7C,0.07534839878592556
CC_A152DBEC5BE7,0.059161367420295916
CC_A1591CFF6D81,0.04787570213603985
CC_A168CCB582C6,0.33944435760708525
CC_A17DC38133CE,0.7939239483613758
CC_A185D5EA3DE8,0.6164424323581954
CC_A19C842508E0,0.11967801786501064
CC_A1B648DA406D,0.02755651522935798
CC_A1BF7028CAA8,0.023521908805111437
CC_A1D035FA36E1,0.08039712033889365
CC_A1DD653D41A7,0.0923890956323554
CC_A1E3AD4B934C,0.2704951821082734
CC_A1E58421CE87,0.05550474425431971
CC_A219144EDEFE,0.05982740428224473
CC_A21FCEEBB3C3,0.4686993054859294
CC_A220E4278D79,0.04879880602122888
CC_A2231BDC961C,0.24305587502204534
CC_A234E219EFC7,0.33279908422138926
CC_A239B1BD81FF,0.07486826594436796
CC_A23D8CFFA31F,0.09831302948039294
CC_A23F463F4B4D,0.04872655508015417
CC_A23FFDC4A7A4,0.08213512612316048
CC_A2423E273F84,0.10057249211530167
CC_A2493E6036AD,0.2926360493713524
CC_A25C54470CED,0.11813678573929887
CC_A25FA690BBBC,0.126255366446004
CC_A2636CF7C075,0.09499057234437794
CC_A26C22870E3D,0.4426023281447421
CC_A26F6A272B3F,0.11375466773470233
CC_A27CDC9BCBAA,0.1750881602240642
CC_A27E5269DA60,0.14193335794751877
CC_A28D4A46B6FA,0.11553346821161409
CC_A28EB319030E,0.05394760166869334
CC_A294D3A59462,0.8186532597686693
CC_A29D8034C304,0.07067969305219293
CC_A2A109409963,0.057516488136300586
CC_A2A4FA5F9962,0.11017249859184455
CC_A2A7E30C59D0,0.15969682496874882
CC_A2B5D2D4E269,0.5058440517699778
CC_A2BB24180208,0.23580196075497672
CC_A2CF1DFEFE46,0.44799828233268546
CC_A2D6090EA5B8,0.13780488907566865
CC_A300BC40BC9D,0.04590565408927255
CC_A3212501F639,0.20534731370108478
CC_A3278A566572,0.06427870782746509
CC_A327EBE4F783,0.17814065035301566
CC_A32FB6659B01,0.07863819038310392
CC_A33915EE72B6,0.1297748852269307
CC_A33D350BE79E,0.16827385976221865
CC_A3553B8AA8F6,0.10228104656172522
CC_A36EB077BF3C,0.029232931939542826
CC_A3753EB66DEC,0.12214842278238577
CC_A378342AC9BB,0.17593717394797478
CC_A379E9455C60,0.16450854243420104
CC_A387ADBD7249,0.09160091346316142
CC_A39E961FC29F,0.15589337315545593
CC_A39FA1EF0B16,0.3000823026460286
CC_A3A4E39FB04D,0.17295479097928632
CC_A3A751BE68D2,0.04278239789526611
CC_A3ABB3C5E9D5,0.6529605934044422
CC_A3AF9C2C68F1,0.18969530714299343
CC_A3BEA14873AD,0.12496850539962635
CC_A3C2FEE13C37,0.12684929495149516
CC_A3D6435D5F17,0.15568534612962698
CC_A3E3E51AD0E7,0.043584107483182595
CC_A40566694D53,0.21506128592204232
CC_A410C0DC7125,0.04059353667508514
CC_A42168D2B94B,0.07690051106279555
CC_A43CED9AFEF5,0.4561444633352431
CC_A4475A788D13,0.12745327668137263
CC_A44D677C0C07,0.054348254908446365
CC_A44E2673E71E,0.04803092321396614
CC_A44E79A96425,0.31963758324819974
CC_A462CA147DB9,0.12052169687339842
CC_A4660E424386,0.18723654396342365
CC_A476C9F116F6,0.14093022754643986
CC_A47C83B6EE2B,0.1177802033499254
CC_A47F8594678C,0.24291392005670862
CC_A48A7592F96A,0.05161686998600285
CC_A49195E659EE,0.05701634021863476
CC_A498A936AD21,0.10658404252067102
CC_A4BE6692361C,0.6044909613064158
CC_A4BF2115580C,0.069438535980322
CC_A4CACCD14A0E,0.11849534519524126
CC_A4CE57A1AB74,0.07219027244075754
CC_A4DE4F1B5F93,0.16674169189385907
CC_A4E300558DAB,0.05541976750114201
CC_A4E972915D89,0.7891764741882383
CC_A4EEA04CF3D0,0.205828696551642
CC_A4F400E9A0ED,0.05709542249932595
CC_A4F550D7F95B,0.20725482671380063
CC_A4FB91B1BF31,0.1893962623339408
CC_A500C1ED0A33,0.22578750462135522
CC_A50471962A96,0.6906205255760816
CC_A5161D8AA57D,0.11874957375975864
CC_A519C84307D2,0.08606003191114384
CC_A5277A9BE02B,0.7055780481921738
CC_A53578FCEA71,0.1280538258999111
CC_A54EAD1CCE27,0.12437089017274078
CC_A5512DA239BF,0.15123040800911333
CC_A5545DF298BE,0.0628258282666665
CC_A556EEF3010C,0.42593991426185074
CC_A56756C65136,0.34967342292808345
CC_A5852E06D2D5,0.25057683070039827
CC_A5886994671C,0.17003335074276335
CC_A594D8B41A99,0.06586242660006941
CC_A59C6A6B71C3,0.07549429515995286
CC_A5A06987AF5C,0.19808102278532885
CC_A5A1512FEEFD,0.15767948415095645
CC_A5ACE4284283,0.1502781926915136
CC_A5B10F07BCD5,0.09167762255565522
CC_A5BC9ACDB4CD,0.07380933041563917
CC_A5BF8B260922,0.463058611905302
CC_A5C52379AE06,0.24895776086793
CC_A5DD4441568D,0.029765581747546035
CC_A5FE3BE2949D,0.05308566695699568
CC_A60EF94F09C4,0.32750957914801304
CC_A628BE74CB45,0.1416175674458044
CC_A6292E9B43AD,0.060303106348079734
CC_A638610BF8F8,0.10128284230287163
CC_A63BBA86CE9A,0.2368326169893831
CC_A63BDDAC43CB,0.0660054902658842
CC_A6409E37A735,0.150434182767669
CC_A655EC341406,0.13621941535769072
CC_A6562E47BFC7,0.18513153847833286
CC_A6563A22D668,0.7189023644462188
CC_A6601278C1BD,0.09578031295293632
CC_A683678AC9FC,0.3269893755296075
CC_A6864FE80A94,0.08620114746455437
CC_A69117CC3C24,0.12553842584302005
CC_A69928C7D217,0.18423686904927794
CC_A6A8BAF7124A,0.23783679717088213
CC_A6B7DFC69AAE,0.5944071963401087
CC_A6BB595B55AA,0.06254855023493504
CC_A6C5284C4586,0.11110854476215823
CC_A6CB0D0191D3,0.10803611572221364
CC_A6FA3FA9F0FB,0.11453977192467078
CC_A6FDADD23BD7,0.04008434146526224
CC_A6FE3938F001,0.17802688437263925
CC_A71DB65F0BBA,0.6756920261084043
CC_A730F4964FD4,0.10824598103533511
CC_A73C02C58DDA,0.09988179862315669
CC_A746BC2289C7,0.27807129779903605
CC_A766C3608214,0.1134596571038361
CC_A76F48111A8D,0.11329264760483931
CC_A77AEC8AD2D1,0.02456659530168669
CC_A781174166B3,0.18937620292450696
CC_A79024286DFF,0.05723355209912416
CC_A792720B875E,0.08576701703090295
CC_A7952C2BC5B6,0.06832370916373762
CC_A7954EE1A1C4,0.056893670189267824
CC_A7991E6B3CAD,0.20821306320601912
CC_A7B141DF4AAF,0.060514406892611
CC_A7BE2CED0B93,0.04733831650713928
CC_A7CF446093DD,0.23485918971311415
CC_A7D1C6692090,0.08498003431414425
CC_A7D6CAB54328,0.44793691723231677
CC_A7D8D1DA4EA6,0.1310709122283205
CC_A8102BA6933F,0.05745295004410268
CC_A81C1EDC5FE0,0.07259679502563095
CC_A82C0FDDC303,0.2702955481171926
CC_A83F92C0CABC,0.1367112437912843
CC_A849B0F60EEC,0.055669378742153684
CC_A852AAB180D7,0.044293564325422016
CC_A8536626873D,0.18019742237734793
CC_A85F953FFD40,0.37535836344629103
CC_A865A3F1E28A,0.6779668833848067
CC_A867253FC73C,0.6933028880864711
CC_A877592FE1AF,0.06313598576037784
CC_A8AE26057851,0.16880345105088074
CC_A8D50530622B,0.13314811868922885
CC_A8D5C834B061,0.790803958919447
CC_A8DF49EED27D,0.8086484664521343
CC_A8FB53A944AA,0.09137210701988013
CC_A8FF19BCFB18,0.16001399279425638
CC_A9042AA97760,0.06473043940651615
CC_A917D68B7F33,0.0640887837540422
CC_A925B3023F01,0.15484907518157615
CC_A93A49678A0E,0.7123204908787617
CC_A944C14551E0,0.12938161328978354
CC_A949A4D6CFDF,0.026248273613701245
CC_A96085AAACBB,0.5617815315369944
CC_A968E7B519AC,0.5885341011784007
CC_A96F61DA3920,0.2791984003538768
CC_A98AA461487F,0.04899759562809808
CC_A98DE37F48B1,0.03246251609644088
CC_A99526CAE7B8,0.09141954042402047
CC_A9997F50D935,0.11190842089631031
CC_A99C3B09B728,0.055223985524200034
CC_A9A0DADE60F5,0.311512890215689
CC_A9E27E0F8BF7,0.09586912623544797
CC_AA06B8C44B08,0.5674907375854488
CC_AA078692F54D,0.048396537752467335
CC_AA3181148667,0.10417669712348326
CC_AA36C8AD0AD4,0.09729513967690873
CC_AA36F0397FF6,0.07901971249853168
CC_AA3A8989A632,0.6813010566779669
CC_AA4A1B7522D9,0.09047605659315974
CC_AA4AE0378324,0.23987972576221012
CC_AA5E4D5A692F,0.14355272714799583
CC_AA68EABEE4B1,0.08733525357843802
CC_AA6B5A7A5B67,0.1064443326808345
CC_AA6BD423C239,0.3646787778154209
CC_AA7074B42A4C,0.4875507183869148
CC_AA7A7F3159DC,0.09940795351807084
CC_AA7BDEB972E4,0.10246364909870118
CC_AA83426311A1,0.07128978334466468
CC_AA8F7D307212,0.1439858334232515
CC_AA994120654B,0.07902553499451626
CC_AA99CC1D0A77,0.09220944930021002
CC_AA9DF917E958,0.15016624191717318
CC_AA9FC6678135,0.3220651772344777
CC_AAA47EC0D4CE,0.07761297726057018
CC_AAD9F600283C,0.11435774807544644
CC_AADF003A3927,0.06665966831294967
CC_AAECFE806C8D,0.21092362483852128
CC_AAF2022B9CD1,0.20279753365309922
CC_AAF445E4CCF4,0.06728355060486046
CC_AAFDCAA5CA06,0.6499243216775119
CC_AB0384E131D8,0.1722823232330385
CC_AB0A4F4A2968,0.2032811182079868
CC_AB108580856A,0.07686618243957546
CC_AB10FED15FC0,0.8368533670007272
CC_AB176233A184,0.06806822335035485
CC_AB250982887C,0.10413254163801998
CC_AB25C565EA6F,0.062010059026054457
CC_AB31BDAE74E0,0.21302504996453603
CC_AB38A76F5698,0.4031456032634987
CC_AB38F588BDD4,0.17648374656087962
CC_AB3DB55C9A2E,0.15162123239556008
CC_AB42A7DA8FAE,0.16454450469743948
CC_AB486E8855F7,0.10557216006293592
CC_AB4A79BF0F21,0.039082456153214824
CC_AB7472FE1C8B,0.06635016100064767
CC_AB78F64D1DA0,0.13025410730737785
CC_AB821E2FB031,0.05763212424341761
CC_AB873276D910,0.06470505621694422
CC_AB8CF3C05B61,0.11482851101315587
CC_AB8DD8448ABE,0.3567504725154516
CC_AB953366A38C,0.08157604877270277
CC_ABB193697B23,0.6306214225760534
CC_ABB3F0A040BD,0.11010209821813964
CC_ABB618AD3E52,0.23120357517394968
CC_ABC0DA7DAFA5,0.036609270085966636
CC_ABC49E43DF40,0.5735549764424281
CC_ABD89F61734F,0.11101469157389487
CC_ABE04CDC2866,0.5683102827131499
CC_ABE98746DB91,0.5324123104942555
CC_ABFDF22BBD97,0.05986736990587818
CC_AC0498A54CAD,0.18595972988638743
CC_AC1C23EA2767,0.33450157481672604
CC_AC1E028B2A1A,0.09001149272614417
CC_AC255B902EEB,0.143225136851585
CC_AC44A88F7869,0.06916250555591069
CC_AC51CBCACA63,0.129450675585098
CC_AC723E5F5EFA,0.035572786917292695
CC_AC7994A5FDC4,0.12001216499340994
CC_AC7EFDBCF2E8,0.7151710042864903
CC_AC8A45716CD8,0.12111161656772562
CC_AC8FB78319A0,0.03442484921122914
CC_AC95C517E726,0.0802829022252117
CC_ACA4C6C9316D,0.04497488507147075
CC_ACAD97A186F4,0.07828429438060651
CC_ACC12168D6A9,0.16436911459574244
CC_ACC53294D3A0,0.0926271836307987
CC_ACC6A74A8BEC,0.07889242748778497
CC_ACD94D2B1200,0.06845125497934414
CC_ACD988315902,0.03808154966190537
CC_ACDA59536C9B,0.12424308967002075
CC_ACE5A4081F6E,0.1942587981450653
CC_ACF4F9A2CCFC,0.19146714349011695
CC_AD0D7D212968,0.3318215683244065
CC_AD131D09EB0F,0.10751590549595685
CC_AD13C87CF26E,0.1967735410549319
CC_AD2050A0C79D,0.16015200695781315
CC_AD276D71D3A7,0.2945632661742477
CC_AD2C54521FE4,0.20903198718672047
CC_AD2E59624FEC,0.38336797922992005
CC_AD3A36AF2840,0.25779714607591936
CC_AD3D286D0B68,0.20053064977806823
CC_AD46818E459F,0.6227055593461879
CC_AD4BB2E22EA9,0.18026397560380436
CC_AD4F7F88242F,0.35713858557716216
CC_AD58ADCD54CE,0.7086274804616064
CC_AD71619FA389,0.1332003274878084
CC_AD84592B950B,0.0632427207584694
CC_AD9898C0E8D2,0.14238007674172776
CC_ADC70A21D661,0.2960336756922127
CC_ADCF16189AF2,0.20570476352396852
CC_ADD894E6E4F4,0.34273955554486324
CC_ADE899835555,0.13896244796562446
CC_AE0D73A1EE19,0.35563339054929954
CC_AE0F08EA3935,0.17260351610783045
CC_AE23B59E6FC8,0.3250671447276845
CC_AE289E013D60,0.08948020852810505
CC_AE34D3F7F224,0.805828256098401
CC_AE4069D8B4F6,0.1871688660792026
CC_AE4896E2BE76,0.7584616880260366
CC_AE51DCFE0671,0.0873387510714557
CC_AE69FEA8DA68,0.15822923355836588
CC_AE7C129CC90F,0.2010042793533129
CC_AE7CD49F20AB,0.18594946553344527
CC_AE89526E0335,0.18784373951279373
CC_AE8D62CF30C0,0.10631231549351365
CC_AE8D9CE8D6FE,0.04811630300049015
CC_AEB019CB9065,0.15536184812863324
CC_AED1D50AF584,0.12791528956023449
CC_AEE546316FB0,0.24748249679792228
CC_AEE5FA00FA6C,0.3958094540133186
CC_AEEC765D157B,0.04322416607222961
CC_AEEE44D6C8A4,0.02596037289233178
CC_AF14FF3EF570,0.36144099574994193
CC_AF1C3ACBA6B2,0.10788083294890863
CC_AF1E911C98B6,0.3043305783392572
CC_AF337F410520,0.10031541793433751
CC_AF3C7BC3BA40,0.10235570564169147
CC_AF41E4075C87,0.22595947589380888
CC_AF6B4405276D,0.7814461478599436
CC_AF78FE0BDBEE,0.11113176885213645
CC_AF8238D9082F,0.05531324135822336
CC_AF8CA6EE53C3,0.05782977182174226
CC_AF9AFA7C49A8,0.0997394827168544
CC_AFA1E3D3C685,0.15769299090343353
CC_AFA680030CB4,0.5729721938476169
CC_AFB351270B8B,0.0396427224852174
CC_AFC405AE0029,0.0662334939477156
CC_AFF90422E4FC,0.3354741118471985
CC_AFFBE2744B87,0.807219046867528
CC_B0043CA53FCE,0.08976470939416815
CC_B01B2BD4EFD7,0.25149624997770004
CC_B01E87EB9940,0.12449637846641004
CC_B0273E66E2A5,0.1659568847325999
CC_B03E98085A9F,0.07372397927963673
CC_B0420D8C42DC,0.4548695426039306
CC_B0497BEB9F6B,0.15022449843109723
CC_B04A5E60B69D,0.07628752478930304
CC_B04D5517A193,0.1284535406728457
CC_B05FF3A960A0,0.23335923665066535
CC_B06A532EC131,0.2396697127914278
CC_B06D33A6761F,0.1541279095004906
CC_B074D4472CE4,0.04729452366077206
CC_B07CE95BCD88,0.31104853295301405
CC_B07D79368225,0.10616059035484053
CC_B07DD1ABABCE,0.7743377202085915
CC_B086C2D77820,0.20881749967783675
CC_B088DE9C9E3B,0.2589246326475574
CC_B0CD7932067B,0.10999083355269318
CC_B0CF90073A5E,0.5935479076956527
CC_B0D397D86639,0.6289769465047502
CC_B0EF4FD19FEA,0.09876301333697354
CC_B0F2F9514AA3,0.08677202633659778
CC_B0F3B79F51C8,0.1423104750567903
CC_B0F4041B1C76,0.02977534249981008
CC_B10FE31C61D5,0.12168739016734433
CC_B114E8F19D65,0.17319964171833296
CC_B117F0E3CAAE,0.12582627878490169
CC_B11D58F331A9,0.0427069677208385
CC_B1262188BC41,0.10225843085752157
CC_B12FFB2FF21F,0.08751567047753797
CC_B13253F34A9F,0.04113960483214374
CC_B137E2BBB53B,0.08189825080073437
CC_B13FEA7CDB99,0.08095190061217591
CC_B1481ED21111,0.039638698621162816
CC_B15BE5C9976A,0.24464710049940402
CC_B15EB6933578,0.08214517407550673
CC_B163CCB3BE4D,0.1306227174124767
CC_B16DC354FD71,0.37380889147991436
CC_B1777349EB15,0.15728699259873874
CC_B17C6CE0231F,0.2789840814367526
CC_B17CA8C22E5C,0.11486365969344157
CC_B18F3C9C30E4,0.15679337213839628
CC_B19CD93DDC96,0.06869513030865833
CC_B1A647674B84,0.09497953993861456
CC_B1AEC2E5E33B,0.22907403043169183
CC_B1B5C81AC0A6,0.058416797823899275
CC_B1B932EFD646,0.14854882496760669
CC_B1C3C0B52B88,0.26766124647088363
CC_B1C7216344F3,0.07878399460992103
CC_B1C982DBBD12,0.2945794016850425
CC_B1D81F8197B3,0.3215410872572242
CC_B1DF1DCBDC7E,0.5660596865943701
CC_B1E2C36607CB,0.06736655508917933
CC_B21351C93D8C,0.13730503939012928
CC_B2174860AB11,0.7420462209319958
CC_B235818E6A04,0.16535836046539742
CC_B23CDE30F00B,0.07223611626172133
CC_B23DE4971DF0,0.40906842889133604
CC_B23ECF574D8E,0.06903051768849086
CC_B24C41DDFBDA,0.2095508264369497
CC_B25EC73B9510,0.1477977569341559
CC_B25F69904D0F,0.08041941644871922
CC_B25FB6C11D05,0.6555239414786729
CC_B264F2B92259,0.5791013973423544
CC_B26B8FC23F1B,0.05487625976787959
CC_B272E29922B5,0.13082472291200398
CC_B27AA8E27BE7,0.11255252279393915
CC_B2A68FD3C236,0.09221430512903792
CC_B2AC50C00979,0.0884822649120661
CC_B2B16D7B821C,0.17159649119679038
CC_B2B32F1511E4,0.13920519539576331
CC_B2C241A93527,0.0714097723161124
CC_B2CB104FED6B,0.5998132756232921
CC_B2D352013F92,0.11850445686984651
CC_B2DF694BAB08,0.10123748093263668
CC_B2E993A9343F,0.18329684900629575
CC_B2EF61C93AB6,0.13023300439246538
CC_B2F94405EA89,0.12359291588144347
CC_B2FC07BF6251,0.05188620123876049
CC_B301A65B4164,0.11532725455846529
CC_B313E3A208A2,0.17775578487067825
CC_B318FF5D976D,0.130932971798594
CC_B32AEF0A2299,0.07023570724733649
CC_B33BD3C618EA,0.09478790371659612
CC_B348627365A2,0.13173933524589274
CC_B35109450BDD,0.04217570090913378
CC_B3528B870544,0.0890165871684888
CC_B3530E7CF8F5,0.11643069596417258
CC_B35C5B1DB9C1,0.07811123092383802
CC_B35FF59389D4,0.1899919760384154
CC_B3812C6700F2,0.6430394966266387
CC_B38280B483B8,0.12823771309308096
CC_B38B694A18EF,0.47516743993350496
CC_B392BDECD913,0.32665219174906257
CC_B398DF1ABAD4,0.03802738459698064
CC_B39E75E151A1,0.09662807759089959
CC_B39FD0E249E8,0.04942226537538663
CC_B3AA0891CA5E,0.38951795020071267
CC_B3B1C8EBE5C1,0.11048983915999698
CC_B3BBA28E2D39,0.4513131738933224
CC_B3C4DB0303A7,0.10021097691123379
CC_B3D32FE823B2,0.03130012582746031
CC_B3DA429C6C8F,0.09006012763364207
CC_B3DC5786AB0F,0.17028504184227822
CC_B3EA537531A3,0.16734365268739132
CC_B4096D3A38CE,0.044427352929626615
CC_B41EADCCC95F,0.06377351623644276
CC_B421940B9A48,0.6417759795745368
CC_B42B3B83935C,0.8614763001467931
CC_B436B1CA6B2F,0.059252924979761576
CC_B439B06AF274,0.2525090995659176
CC_B4482E7879F4,0.07171547773268153
CC_B4660022C612,0.10512821261649943
CC_B46B899B4A63,0.14588787399454756
CC_B470280A580D,0.10922586198407683
CC_B471D3BF0C72,0.5279204612969772
CC_B4751DEE43CD,0.15721722718300374
CC_B482C254BAA5,0.05694306110129824
CC_B4889D036D3C,0.7562196592594496
CC_B4950F811C90,0.14717216028557645
CC_B49A6DE7A340,0.30214851031801815
CC_B49CD4C13DE8,0.34445472360128593
CC_B4A90370CA96,0.4719249993578847
CC_B4ADE6BC8A10,0.6671293167937659
CC_B4B6F805888C,0.03379170711471778
CC_B4B8F66BF4ED,0.6597955550400749
CC_B4C6F80DEE44,0.04562310968254302
CC_B4CCE78C09EE,0.16163033836919516
CC_B4D68D1C1C55,0.17771730915031184
CC_B4DAED63089A,0.15719306758969864
CC_B4DD9841E6FD,0.2277875173347642
CC_B4EF6743DDCF,0.06676791282421322
CC_B4F67F73D097,0.08529223816700299
CC_B50EB15EBA18,0.10058426801467235
CC_B51DCAAF4549,0.1314660750160102
CC_B51DFF8702D0,0.5257265801815214
CC_B520A001BF69,0.09382850877659459
CC_B529919BF24E,0.6340028767526769
CC_B542342650A1,0.07315030054831656
CC_B54A106E91E4,0.03828574382091526
CC_B54CFFC21F2B,0.11658487517941299
CC_B55C134C04A5,0.19664051863480278
CC_B55C2DBF6D3C,0.1922460582729988
CC_B569705352B4,0.10404104572669082
CC_B56E74A967C3,0.04976377606503411
CC_B57519F33EEF,0.05214876297864791
CC_B582E4405D85,0.09779442106487646
CC_B585A11F7BA7,0.13999065881400746
CC_B59726D36AEF,0.20011619478717005
CC_B5995E4F1A21,0.11441777802419209
CC_B5AC2AAF871B,0.7997857650588075
CC_B5AD19125E1B,0.19965888022580597
CC_B5B1E42858AC,0.061301567546702726
CC_B5B7599E8BC6,0.07231939708288151
CC_B5CAE0595637,0.2186794500827834
CC_B5D49843A799,0.3441519751524301
CC_B5DDFC7AEE78,0.09185818585636416
CC_B5E29344F63C,0.20779305900838455
CC_B5EE5AE6378A,0.5781537651082971
CC_B5F2A93AD996,0.0923227751939199
CC_B5F611613A78,0.07041040800821
CC_B6055039255A,0.7927177649574572
CC_B607B2B0AFB7,0.044634972871507986
CC_B60CFD0F39F9,0.0787195252178291
CC_B620087B1C52,0.37250184998120184
CC_B6203BBBD151,0.09905794039732535
CC_B622662E664A,0.1757569472466166
CC_B62C9A2BC846,0.15922917238164622
CC_B636210548E5,0.28922588104636954
CC_B642C6714501,0.0692774241789068
CC_B64F81B8A263,0.13555369078566956
CC_B65CA581B9BD,0.13416654755950375
CC_B65D1B9B6F67,0.1440948724164016
CC_B661A8FCA431,0.04329929691530129
CC_B66AC40957D6,0.13639728970568282
CC_B672B35D1162,0.7717702554457284
CC_B68379D197F6,0.09873411507787822
CC_B6923D10FDA2,0.1572077197254349
CC_B69CC776BBE6,0.23956064570853008
CC_B69E50D76B29,0.10047355518127805
CC_B69EAA8C296F,0.2037901730519314
CC_B69F7CB8CDA0,0.07696097796970197
CC_B6B4AD157354,0.15939516171594242
CC_B6BD764CB8B9,0.20834247087552205
CC_B6BEC3F4BE91,0.1314326155178628
CC_B6C13F4A610D,0.28857741624154476
CC_B6C1C3B5766B,0.10855848558255378
CC_B6C72241926C,0.17135233699339678
CC_B6CB40E245D7,0.6030767946500011
CC_B6EE58A108C5,0.06931061722690512
CC_B706F631F5BA,0.03840010784616762
CC_B71DC1206985,0.14254301977795134
CC_B72284CED807,0.17783344398164655
CC_B727865A5B5F,0.5849618787537569
CC_B72FD7EFA6BD,0.199312591274301
CC_B7365B5A3392,0.7816562854328482
CC_B73820D308C9,0.11275155558472197
CC_B743560D847F,0.08569543289452355
CC_B76EF26F7C9A,0.35403489042566827
CC_B7764FC130E8,0.48589648200593766
CC_B77B73B95532,0.12887849438286017
CC_B77D6653C7D4,0.03577700086749008
CC_B77DA6B77DEB,0.2448522846019398
CC_B783AE19622D,0.16581187737070086
CC_B78761738CAF,0.021356720849530227
CC_B787BA135B5D,0.357089715871428
CC_B78B4449EA19,0.1299095512753347
CC_B78B4B7F80B5,0.23453224040066903
CC_B78BEE888CA6,0.09372702640686839
CC_B791FEE1CF37,0.0380693102901806
CC_B79A58AA4441,0.10402655761545479
CC_B79BEC538198,0.11770379585695717
CC_B79DD53178D3,0.0781129569817257
CC_B7A7EFD85149,0.17656975444698447
CC_B7B5F2A15C41,0.11149359398571365
CC_B7BC46A7D4DF,0.1007960858624705
CC_B7CBC65D9AF9,0.5575938229646616
CC_B7D40C5C891F,0.08219573286394387
CC_B7D4337C4797,0.33281316936414707
CC_B7DA04826165,0.3109601973443138
CC_B7DC19DA1440,0.1407296704065692
CC_B829EC622F0D,0.5667944005170044
CC_B82B9C0C7B85,0.6755419532811116
CC_B82C55DEE5E6,0.28819966992172164
CC_B8475B977AD2,0.7381656011330308
CC_B84BD2F4EB01,0.22265531196261978
CC_B86DA7D69F20,0.055444917485323576
CC_B87989F406EB,0.20888585439914267
CC_B88B702183E7,0.03375091489540917
CC_B89B80945ADE,0.18314516628794633
CC_B8A3A44BFE8A,0.4469517884999605
CC_B8A7A6548AE6,0.15304671347017676
CC_B8A8FB83065B,0.18889291360083058
CC_B8AAC20D626E,0.1832542854280898
CC_B8AC99873641,0.06781378898276808
CC_B8C9673B7834,0.08886110844288524
CC_B8D5FEB15CC8,0.072154021616542
CC_B8DA64A33076,0.5604615620835001
CC_B8E912A01706,0.6555225256019224
CC_B90869280808,0.13436298464902147
CC_B908EC99951B,0.28319824321302256
CC_B90CBF2A6775,0.05375558631950497
CC_B91080C1ADA5,0.32695933973033975
CC_B918FB42AFD2,0.18395621046321908
CC_B92CA425080F,0.11276399903250248
CC_B937F632B71D,0.1550958482532283
CC_B94477C20476,0.3790027472317386
CC_B9483A5C922C,0.11922719611461663
CC_B954EC1C63B5,0.36563861569080847
CC_B95580F93537,0.05406869350481126
CC_B96086044329,0.07386441475585567
CC_B96EB0A91589,0.18393481887357616
CC_B98357C70A41,0.6473376650462704
CC_B9929A66C2FD,0.6693231963764612
CC_B9BB52E4C529,0.14433289827730078
CC_B9BD45744855,0.814146316299136
CC_B9BFDE4662AE,0.09325908412097018
CC_B9CEAF324145,0.03412640297095105
CC_B9E89F42B509,0.20467845889818714
CC_B9E8A3887223,0.2095633298806429
CC_B9FC67268C45,0.24365731506609636
CC_B9FE9DFEB3DC,0.09973943079845954
CC_BA041E14DD98,0.0751101276556576
CC_BA0619F54427,0.11357915907804
CC_BA15072C4EC2,0.27270014246221647
CC_BA183CDC5429,0.8961988719169013
CC_BA43646012D2,0.41108431026671227
CC_BA4F7E494E71,0.5060459753358826
CC_BA557F75E2DD,0.19552551226954776
CC_BA740903CBDF,0.11611062267690776
CC_BA77722A827A,0.5098249949232964
CC_BA78E47BB021,0.20554991638138326
CC_BA8C427054F4,0.0352916176985311
CC_BAA19F8D2563,0.12050838995671516
CC_BAA1BBFF8C6C,0.28889705019184975
CC_BABA44B5FB12,0.08375613621769976
CC_BAC25BCCEAD2,0.07111762470934617
CC_BAC74D0014D3,0.4933974004931051
CC_BAD99E36CC71,0.22648499408796083
CC_BADE7EB1D16D,0.8002321988531387
CC_BAE7410803AC,0.1647085340490516
CC_BAEBBF8054FB,0.13754594662540487
CC_BB054686B6F2,0.04678335047596251
CC_BB05D9DF72BD,0.05667717311033833
CC_BB0D54068D07,0.8343364838920976
CC_BB15DE5E0DA0,0.7702523168161268
CC_BB1A57AA813F,0.14275902290048298
CC_BB1CABE261EB,0.1559057637375723
CC_BB2BC46FCF61,0.22414946972023903
CC_BB2E5437EE04,0.040822934251682666
CC_BB2EF1FF6131,0.08097194111027275
CC_BB2F56C6BF57,0.1025848933292626
CC_BB35CEC5314E,0.10143906342894785
CC_BB39E3597B61,0.043882257095313404
CC_BB3A9EECD51E,0.08102243321388544
CC_BB44CDEE5103,0.18886048771307626
CC_BB458116ABA4,0.34228648628933944
CC_BB5F6936F6FE,0.2029147521548271
CC_BB666F8A551E,0.06807784765110966
CC_BB7355E735D2,0.10690707072331411
CC_BB8A2F186D6A,0.05895509822308388
CC_BB9FDED12C65,0.7120266972292713
CC_BBA8C316C8F8,0.07075100954086411
CC_BBADC7DC73EA,0.19784848225065754
CC_BBAEA7980B09,0.4658031941440438
CC_BBBA078A6429,0.8120269188747073
CC_BBBFC3EC2C72,0.4252564920433844
CC_BBD34B3225EE,0.03719394065735927
CC_BBE6C58C59A4,0.4500278933802155
CC_BBEBBE1E226D,0.13099211845408684
CC_BBED56D34D38,0.11334219962660219
CC_BC0244FBDAF6,0.17534847914162285
CC_BC099E880236,0.13524912710300374
CC_BC0F05C89E25,0.1366334166611563
CC_BC1BD06C1085,0.10542547142179279
CC_BC21E8824A34,0.4505457813688928
CC_BC23655B2BF4,0.0673590495517911
CC_BC24F9024F49,0.06256472347428466
CC_BC2A58939715,0.09101269026315556
CC_BC2B90F226E0,0.17768664510538007
CC_BC31382964E4,0.05662867624602223
CC_BC31DA3EAFFF,0.12864500753810015
CC_BC3A6CF6FD16,0.1263458720345545
CC_BC410BDD9ED8,0.2346688661549537
CC_BC458960887E,0.15912049686847307
CC_BC484C329704,0.12728974026381495
CC_BC4D6D6D4553,0.34488201909023053
CC_BC5A59D88AFC,0.0997163445799959
CC_BC736DA19A00,0.188789498339046
CC_BC7B9D13978F,0.18224268185358614
CC_BC84BF34D69E,0.25794967140807823
CC_BC95D473C9CE,0.17019169299966275
CC_BC96FC9DCFE7,0.10870784225413416
CC_BCA0D6159C23,0.18037564126214
CC_BCAE73132BA2,0.07793018980945436
CC_BCBBF055366F,0.047001744662148834
CC_BCC94F494979,0.09075042220456517
CC_BCF75F8B9A5D,0.12026587733874428
CC_BD10F4F15094,0.08481618917105638
CC_BD1A2052ACD5,0.827199665731526
CC_BD217C39702F,0.34764499377671604
CC_BD2A9D4B9FAA,0.21040135286683703
CC_BD3EDD1630E8,0.052992354795926
CC_BD4AAFE9EFEE,0.06303175325852314
CC_BD59D1252975,0.09536672323529817
CC_BD607BE97C17,0.09140729315361734
CC_BD889F165227,0.1065618765186705
CC_BD900B6BCF65,0.155160165670172
CC_BD9967660461,0.3938193629184983
CC_BDABB99ADE2A,0.16230679888313754
CC_BDB07C66EDBD,0.4487758874231128
CC_BDB71DAAE50B,0.0982483705419086
CC_BDCB91FACECF,0.13307115642936782
CC_BDE1E398B4E4,0.053881153004048096
CC_BDE8D325637B,0.7094368122417443
CC_BDE9E7F390AE,0.09328659892524113
CC_BDECF392D7F9,0.14462642361271444
CC_BDF401C3BBCA,0.1418109338091006
CC_BDF53C42C5BC,0.2044009767637689
CC_BDFE5778530F,0.32644574549970995
CC_BE05EB5976EC,0.7920625438767659
CC_BE08A6D5E76D,0.05069247386475703
CC_BE146CE5BEE6,0.13428959579273414
CC_BE24C1EE877A,0.1275107751521733
CC_BE27E98C4BED,0.07790584598330974
CC_BE32DACBF6C2,0.11201294702983941
CC_BE3F52F9C9EA,0.1291355840301715
CC_BE3FC1024389,0.1411331837485868
CC_BE4595898BF9,0.11113793790216149
CC_BE4F1F53F4B6,0.07784339520200023
CC_BE648663620C,0.1832714008901437
CC_BE6627F3B9EE,0.6635044230053716
CC_BE673F70B591,0.32098467227289984
CC_BE704640727F,0.03646553481947443
CC_BE7295B354DA,0.35928285053626025
CC_BE760A430ACD,0.16344168835550232
CC_BE8A340F3876,0.043038776174329656
CC_BE9CB8845101,0.2356623309738704
CC_BEA12286E57C,0.1380155735703052
CC_BEB24EB997CA,0.11253327292011227
CC_BEB80CCF2ED0,0.05364679703327507
CC_BEB86014B5BF,0.2009480295875647
CC_BEC035C8801A,0.14258584134574714
CC_BEE1B858F0C3,0.2855787120149642
CC_BEE664893442,0.20065154987226239
CC_BEE75A33F038,0.057187330309941796
CC_BEF22728402F,0.6623553854681192
CC_BEF8AB2DF19D,0.4032129193802517
CC_BF03683CC755,0.10779619182247108
CC_BF066CB8F7A0,0.1600956095389845
CC_BF154A9FEE8D,0.142150829587935
CC_BF17E635C67F,0.09680319644851734
CC_BF196AFA6AE6,0.15180441940508765
CC_BF2012FCFE14,0.2025159614479658
CC_BF3733356D4B,0.43707428420218103
CC_BF376C8D14ED,0.5367103401101736
CC_BF3BF8B9F646,0.09738428425360876
CC_BF588A5FF18D,0.659745981405091
CC_BF7C643B8874,0.05151101186218188
CC_BF8919F14394,0.12998202785420923
CC_BF8B759EE1EF,0.07461263366590676
CC_BF971FA7A950,0.17108677673336203
CC_BFACE960372A,0.1119152854146559
CC_BFBF917EFEB7,0.6131088900342336
CC_BFCAE2959708,0.04750864260459891
CC_BFD80ECB739A,0.21414824836607077
CC_BFDEC7E68821,0.06354358400341914
CC_BFE3AD881F4C,0.0421295500070072
CC_BFE511C0F9F3,0.555905791995192
CC_BFEE9CF8A6E9,0.07771541933963232
CC_BFF8E82FE4BE,0.14874074342710164
CC_BFF9E8C0FE28,0.6213503442437547
CC_BFFCB2882E26,0.04465510955854674
CC_BFFDCACC1E4F,0.11731931150343146
CC_C003A15648F3,0.09285387294194486
CC_C004160ABB18,0.1446834897975266
CC_C012746F45D6,0.10159400808019337
CC_C033B4EC89DA,0.13046482885855165
CC_C03578357D0D,0.41300856038098566
CC_C040C14F27A0,0.05450699435228964
CC_C0474C48C443,0.13798801130877897
CC_C04A1EF46A13,0.21569483572255257
CC_C067DA2C5F99,0.4241180546479587
CC_C0731DB0CD7F,0.6179433894561971
CC_C07C70AA1AF0,0.13992377355719238
CC_C0877F4DBC62,0.10650482386930928
CC_C0896CE6B4E2,0.08281040908395776
CC_C089B0517E81,0.08163596386142635
CC_C08B9066A5BB,0.18897050995241768
CC_C08DFB22BC71,0.0947679745073264
CC_C0A2108BEC82,0.1981626397786325
CC_C0A6B0787F91,0.10191261882285527
CC_C0B29B279C90,0.11370889394654118
CC_C0B7151247C2,0.11270384270128916
CC_C0BEDCC974E6,0.10099776474018093
CC_C0C6F913C2CB,0.7083366632364939
CC_C0C7EAB055B1,0.2035494394998681
CC_C0CCCF588BEB,0.3312153999460308
CC_C0D65A1BC1DF,0.6374478493419966
CC_C0D6ADDF1E0F,0.07532931959281908
CC_C0E49708EB44,0.22920919838321527
CC_C0F32BA57D17,0.04721629969212428
CC_C1094828B26C,0.30680899431768616
CC_C124E4C094F3,0.24242335066356108
CC_C12ECF48FA03,0.1569274694061789
CC_C12F5F7E5C54,0.11769280597734844
CC_C131509731A1,0.20084416803720828
CC_C14173B64C58,0.21281388311991678
CC_C14A4D39F494,0.4095431633624779
CC_C14DC9106B7E,0.26881150690693745
CC_C1624A910E58,0.03450869728838558
CC_C1645FA6EE7C,0.09004651293632852
CC_C165A26E7C1D,0.7390828649406885
CC_C16824A69631,0.05419672785288769
CC_C177831DEDC2,0.07247990058022259
CC_C1815DD481ED,0.7636756592621328
CC_C18313F97FC1,0.3123755666856236
CC_C18A7BC23071,0.27627614973451603
CC_C1941883C762,0.10770107004114066
CC_C1A0989CDF23,0.02826349329740928
CC_C1A8C99D910A,0.09858272915148966
CC_C1B057BAE0BB,0.2842355507902685
CC_C1B5D9A95708,0.11074971771596366
CC_C1C28181E30E,0.12646527590101247
CC_C1E8CA45E983,0.09562613115938193
CC_C1F4DD05F5FB,0.2066595321113777
CC_C205BAC0D181,0.07764135798239927
CC_C208790016F7,0.06691524742167623
CC_C219E603FD0B,0.06091631565820517
CC_C2323893E922,0.12644584700903044
CC_C236A614F73D,0.10965443361256874
CC_C241491551A8,0.11708201892635012
CC_C247E0377048,0.10950384952517397
CC_C24FBA584039,0.24461243958146772
CC_C25078D044CC,0.2218851859836898
CC_C255BE787955,0.18924299682880671
CC_C25ECB5C5FD8,0.08210968420059575
CC_C276E722FB1B,0.3243248074621612
CC_C279090E1F74,0.8027690725011161
CC_C279CA96D14A,0.10577656816712008
CC_C283330B9999,0.04049762338192931
CC_C289AF57EB24,0.30484444418438095
CC_C29558864857,0.12331871853914086
CC_C29846DE78AC,0.615508711766664
CC_C2AEE09D92AD,0.10822995516570194
CC_C2BBFB603032,0.3305706606489641
CC_C2C2B2EEBA69,0.03593628847525958
CC_C2D1CBB42952,0.15878728732073868
CC_C2D4587A871F,0.7255934595008944
CC_C2D583F20739,0.3331152291892624
CC_C2D9086A8C67,0.06994481379852543
CC_C2E8FA308586,0.16288098392002168
CC_C2EA104630E3,0.09335315404370237
CC_C30ED2C6265A,0.05235418298759881
CC_C31BA9FD4FFF,0.25364374896298436
CC_C31DC3117984,0.19021037868666235
CC_C33142B2E26E,0.39995486879443704
CC_C340668CE604,0.10549014220398985
CC_C36580241000,0.13610229742508573
CC_C3664AFC710F,0.11062953118879659
CC_C3676D2ADC91,0.18482388890369938
CC_C368AC6AE19C,0.04641460592201106
CC_C38B446B7432,0.17300363186255024
CC_C38BE6D69E61,0.05917860855704598
CC_C38FB634E7B9,0.07124634033235692
CC_C3913A125FC9,0.13242969234544116
CC_C392AC1AABDB,0.13127768878604693
CC_C3A37C3EDCC5,0.3169636786504103
CC_C3A42A96D260,0.2393599780838464
CC_C3CA355F78BC,0.1125496150889912
CC_C3CD972B25E9,0.15043932476004462
CC_C3CE9FCB05EA,0.05023849126562676
CC_C3DA12B31CD5,0.08630611630091244
CC_C3EF46D2CF29,0.1753601956194395
CC_C3F301EAE202,0.21325995750344262
CC_C404C200B723,0.09422893591406581
CC_C40BEE2EAD73,0.24390976010236548
CC_C40CA3E960D9,0.12804088848006473
CC_C40E0EEBA53A,0.1691502714357967
CC_C42183D7A586,0.10255038689930732
CC_C427199DAC5F,0.4651922106455527
CC_C445AEF194CA,0.079667136055358
CC_C45051D20EC8,0.14099698699095536
CC_C47FCA703A69,0.29253255116981425
CC_C4965C6C6935,0.3427729701550736
CC_C498BD798847,0.05049219192933044
CC_C49A42D1C3CA,0.08555069613266825
CC_C4A2F5B06976,0.0719487397552091
CC_C4B632AEB96F,0.13336548270137402
CC_C4D194378554,0.029755453452636825
CC_C4D90E9CA5E9,0.1308124065466118
CC_C4D941D5A5F9,0.13731038187161032
CC_C4EB2486A9B1,0.18144510132681385
CC_C4EC2923D96F,0.2759548888913914
CC_C4EC9ACAE8C4,0.7690357002543797
CC_C4FB2ECB13DD,0.29295300604495933
CC_C50467EBCC58,0.08464458128094343
CC_C50C5E2A77CA,0.1441687683778496
CC_C50D7FAA75C1,0.04447981054271963
CC_C51FE3F4D2F3,0.1528325538973061
CC_C5234F4713B7,0.06316312696887982
CC_C55110310E14,0.09428038860571761
CC_C563D509181A,0.08308523469862372
CC_C5736F4887D6,0.7723203717693637
CC_C57C4F09442B,0.09032866077247043
CC_C59D2CA55CAD,0.8218495163107611
CC_C5AD04ABF022,0.08659588803995277
CC_C5AF7BF4B951,0.03933534925749685
CC_C5C5FD9FCFE4,0.6865543463466287
CC_C5D9A89022EF,0.21874004696977098
CC_C5E1FA10BD6B,0.16753460187811103
CC_C6039EF0459B,0.13972820879186593
CC_C6133F44EB0E,0.10722827102405241
CC_C637C1142503,0.8212596752038169
CC_C65496C86EAE,0.17474483254319034
CC_C67C2B86A807,0.1314114795587446
CC_C690CF8AF3B4,0.10571306051963383
CC_C69204FFED48,0.2780461458255352
CC_C69DD80E5055,0.10135562111043923
CC_C6AE389CA79C,0.0937495004930439
CC_C6AFA8AF33BB,0.0875042921997607
CC_C6B56B2869A6,0.3699224232826763
CC_C6B61E03B42D,0.19835959617834997
CC_C6C2B357FDF2,0.10518071075114738
CC_C6C4A4A318E4,0.11459677791895138
CC_C6DECDCC7956,0.17784615273402277
CC_C6F134ABD932,0.50885849403843
CC_C6F24128D8D3,0.16972962818208687
CC_C6F8C5E3D746,0.09420966186536658
CC_C6FB2BDCC78F,0.3482340308362321
CC_C70DBEB08378,0.8576949160946254
CC_C71AAC6F9607,0.0978362077441688
CC_C73D1C53BEC0,0.3571678613539421
CC_C7423B380FD2,0.0613016029185431
CC_C747ABF2B4BC,0.08344318435096673
CC_C74F0C45C093,0.1326420814354274
CC_C75307665BCF,0.20151633858480122
CC_C76473DBFF83,0.2985802592139298
CC_C7652C2D1CC7,0.22239234278608225
CC_C77B38900325,0.21733497862190826
CC_C782A94E6754,0.04678885918615849
CC_C786E0FDA098,0.7775023084070225
CC_C794632B3AAC,0.4216848077358434
CC_C795250A7B3F,0.11824063140794888
CC_C79BF5794AD9,0.04970976276743682
CC_C7A2A7BF85C5,0.06193016134286597
CC_C7A2CEDA36CD,0.47678777398442773
CC_C7AAAC514CD0,0.07568660738838112
CC_C7B39AE8206F,0.1154216170918125
CC_C7BA884F8DCA,0.1408535132668177
CC_C7BC592C11DB,0.042136276520841065
CC_C7CB29EBCEE1,0.047804654803319746
CC_C7D2BE35C77A,0.08163832977755411
CC_C7E56C7FFA19,0.16897281183082347
CC_C7ED63E403A8,0.08188021882850077
CC_C7EFF4BBEE1E,0.06459877372738543
CC_C7F1C90A261F,0.14209599543800455
CC_C7F38C2DEDFF,0.19267754994974767
CC_C807F881A35F,0.22669937438649837
CC_C808346EF2A7,0.04792024306472753
CC_C822401D05A0,0.12107917813936113
CC_C82D0EB32984,0.10584606074365753
CC_C82DE4520088,0.1938044672981158
CC_C84080607284,0.0683586257009064
CC_C85DEB66D6EC,0.2696126295371236
CC_C8601860B3AB,0.2950534697009385
CC_C86B56E5B000,0.10639465638536941
CC_C874E7D8B96A,0.06167510654713855
CC_C88F02C38654,0.1535042908158215
CC_C895990DF270,0.1381421333209329
CC_C896D6E93110,0.3655961521657362
CC_C8A57920FB6B,0.09177433788293729
CC_C8C2CEAC6750,0.4859616927863619
CC_C8CBB38CF4B6,0.4845076631409437
CC_C8DF2AEC8023,0.16326159858030842
CC_C8E24B1925A2,0.16993499660751327
CC_C8E2F0CA5050,0.7521110909255289
CC_C8E875AAFD58,0.2783070378017082
CC_C8EF7366016A,0.06875289253801925
CC_C8F1FB9C56E5,0.09719837649433213
CC_C8F2FF7E6DAF,0.13875949784906152
CC_C916DC82A00B,0.3048481990813602
CC_C91FF308D57A,0.07218131791188528
CC_C9297D88CD26,0.3417726822719741
CC_C932D885E1AA,0.21812328102056938
CC_C947A66A6A34,0.16806968903836594
CC_C953D19C82A6,0.26184762292237995
CC_C960365C1125,0.2753016642713052
CC_C96221203852,0.22269073287013397
CC_C967937FC81A,0.7230550070756354
CC_C97434767545,0.2017000340336061
CC_C974620D4D4F,0.2941935277870482
CC_C9749B07E3CC,0.11167937381048354
CC_C979F86EC4EB,0.061369347147974776
CC_C9882357496D,0.07471319174889945
CC_C98B5F2B994A,0.10097242330448289
CC_C98CA453DC7F,0.12062780685693744
CC_C996515164AF,0.7042112207372562
CC_C9A1B8F512F3,0.45088722945850623
CC_C9E008678B77,0.09040251953022439
CC_C9E89E3728DA,0.19871707685167445
CC_C9EE0357CF4D,0.16125411936473444
CC_C9F15C15BA6A,0.12075804893805714
CC_C9F3BB887EB9,0.17927945550919594
CC_CA0906B9B58E,0.07302785312884974
CC_CA16B9133E4F,0.32637569601948624
CC_CA2524A5C7AF,0.3110774217532476
CC_CA2A17C9CD44,0.42973447418531296
CC_CA32C61E255B,0.10401954233948801
CC_CA37F92A8BC6,0.13159822222966153
CC_CA3C9D0F42A2,0.5515423643125241
CC_CA4669FF2379,0.10921386004958844
CC_CA486E08F176,0.06714756496718965
CC_CA5CF069C36C,0.06319823325134921
CC_CA6AB58D2C8D,0.23377308213915918
CC_CA6EDCBFA9E3,0.17732206816173599
CC_CA6FB58C11F4,0.0679185385050746
CC_CA7902338F91,0.1475535643158587
CC_CA7BE11DCB92,0.11757958529338713
CC_CA87A148C386,0.07592048409790683
CC_CA8E7E45347C,0.1529171874104242
CC_CA9214D0E170,0.14216643579511684
CC_CAA07EABEF71,0.06586374231886712
CC_CABC0190A9BF,0.5057820404842619
CC_CABF171B8582,0.5333833657736142
CC_CAC2F989A2D6,0.20720057094528305
CC_CAC50FF13A43,0.5288862726343496
CC_CAC9C52B6FB8,0.25241092499531337
CC_CAE19DE8446F,0.07201172430027727
CC_CAE5F6D8328C,0.4340674188256954
CC_CAFA0C6DBCEB,0.07343801277769772
CC_CAFE5D6E3E1D,0.11994181617193747
CC_CB02A97FAC1F,0.2060582444824231
CC_CB1155AAC7EB,0.11923519735320745
CC_CB1B2FC5769C,0.15909393421467788
CC_CB1BD3C19303,0.16638255162350002
CC_CB2423DD4809,0.82663614084158
CC_CB33381406F3,0.6890715548529567
CC_CB3CBA971E97,0.08979367078293932
CC_CB45CB5C940D,0.16590506722089635
CC_CB4A2667F8CE,0.19826938616565049
CC_CB4EA92BE238,0.04982820540981797
CC_CB4EE5CC0B09,0.18457600164559818
CC_CB50BDD92A4D,0.23255510340104055
CC_CB6A55831080,0.07722782664582456
CC_CB6CE149111A,0.13933827061883308
CC_CB6F9DA78019,0.04481618077004851
CC_CB722FAA608D,0.24079794646875152
CC_CBA786C05C1C,0.7868013213706648
CC_CBA9A6206DCB,0.1588716616775806
CC_CBB7AE2847B6,0.17831446536468137
CC_CBB9DDEAC819,0.03056366327597515
CC_CBC30D127BA4,0.09063721615907364
CC_CBE67EF0D3C5,0.5273797976864854
CC_CBEC318365B3,0.413807242709759
CC_CBED6669EDA7,0.05442204701752962
CC_CBF1B052FA7E,0.08298206865060694
CC_CBFC7EFF2F94,0.1167776056387232
CC_CC27394B5E35,0.08517016977858638
CC_CC2A7B3D7A55,0.1396670027436851
CC_CC34B2523794,0.1538352043262505
CC_CC34E9023873,0.7094173759423272
CC_CC37D81F02A7,0.6012771392325429
CC_CC4822AEDB83,0.6852848940842303
CC_CC5D6CAE5ADB,0.2632741812654648
CC_CC6D27804EF0,0.07189038078740125
CC_CC71D4876B90,0.12249207367366394
CC_CC75EA7F2C8F,0.10607635884100691
CC_CC9214A5C0CF,0.08565500690554273
CC_CCA2B8D2446C,0.4402370169534616
CC_CCAB3E56FD92,0.16470580896850903
CC_CCAF321D46D7,0.03607697824971517
CC_CCB46EA56584,0.21445395069039402
CC_CCB60CB8754C,0.14382255192725968
CC_CCD759553325,0.06278163203747923
CC_CCDC28D49832,0.15431833183686522
CC_CCE55029E621,0.6614704907253939
CC_CCEA133D7268,0.5975029236368907
CC_CCED6CEBC3D6,0.33722600091954713
CC_CCEE76415B51,0.3107858586943032
CC_CD1326D52AE1,0.7295318968063664
CC_CD35EEA81CE8,0.3165490902986873
CC_CD373485942B,0.09002575264684741
CC_CD379DD39658,0.28996342469936565
CC_CD37D5CF0EB0,0.15993861780612115
CC_CD380545A7A4,0.05866106874076871
CC_CD3A378249BA,0.24768400016307812
CC_CD415B1C7741,0.0400103035752741
CC_CD4976814F28,0.032822031055143266
CC_CD4F5F1C357B,0.24080768191374924
CC_CD54829713AF,0.0750633091347104
CC_CD5E3556D5AB,0.17556937344634643
CC_CD6C797F3C4F,0.07374438374576056
CC_CD7BA8F6C4BD,0.09204583748729912
CC_CD8352F0478D,0.196787884441633
CC_CD972E578564,0.8400430319447201
CC_CDA1B20179B6,0.1259656106119013
CC_CDA2A36B81B4,0.2156035706919187
CC_CDF6354EC332,0.06571038722361783
CC_CE01E17132E0,0.03756805339289715
CC_CE1280B30475,0.1329556098553282
CC_CE134F878294,0.048980041976562805
CC_CE229894AC00,0.12250358871059083
CC_CE26907B9D30,0.41670993389761773
CC_CE2755B42DAC,0.07141739206220364
CC_CE2BD7F74421,0.3150645740096666
CC_CE3784121355,0.11929094796112558
CC_CE41F9FF509E,0.16661959145566474
CC_CE5AF0E9A157,0.08593707982745599
CC_CE5EA019DCAA,0.07814931476997179
CC_CE6460FE39F6,0.10116892583520914
CC_CE72D1734761,0.5910627655786331
CC_CE7FC560768D,0.3270775019562187
CC_CE871DB3950F,0.30786893805731286
CC_CE8D1564C4F1,0.139981025638096
CC_CE93240526A9,0.2830922164731863
CC_CE980FCAB154,0.2859198689125596
CC_CEA0FAD348F8,0.08476049790295391
CC_CEA369A3451F,0.07388392135997368
CC_CEBA67081418,0.23321512623597945
CC_CEC0C00FE770,0.5236671771645479
CC_CEC3B21D2982,0.41570259373093876
CC_CECEC680F701,0.16095462889219747
CC_CEDB263DB07B,0.035792475722548164
CC_CEDF9C14DC79,0.25770072556327533
CC_CEF23255BE06,0.06377411580322484
CC_CEF8C71C4E8B,0.4804338531338874
CC_CEF91FDD41AE,0.3805435601186298
CC_CF0B68684C3D,0.1081500908325198
CC_CF149865368F,0.08790460108457634
CC_CF2A7A5582C2,0.19294972585863368
CC_CF2B3E37CF2E,0.34984398304382536
CC_CF2F163CE005,0.17314912049596348
CC_CF3C063DF626,0.16581671530959666
CC_CF3E91DB8220,0.2923350997381935
CC_CF3FB5744443,0.7490519654922551
CC_CF4991B8EFE9,0.10944583646945094
CC_CF53FD3AC9AD,0.03647896337172051
CC_CF5A140B279D,0.19347536602152365
CC_CF613A7162B6,0.15557644643960555
CC_CF6A8A460B19,0.09132089614213079
CC_CF792E77A16D,0.0483024416551106
CC_CF7BAF373E0A,0.03603343205436477
CC_CF8B1D0015C4,0.13859507145891398
CC_CF8D0517B79F,0.06837321205843916
CC_CF92037ACA93,0.2092378835279357
CC_CF960A300F40,0.34195931341568836
CC_CF96B6335E6C,0.1849316350782988
CC_CF9880D67A7D,0.1765655137882433
CC_CF9B249283A7,0.7488249876507552
CC_CFABF7407978,0.2160212200753217
CC_CFB2AE99EABF,0.16893264191026292
CC_CFC0BC440771,0.1264446952103943
CC_CFC235739F25,0.5610563375541836
CC_CFC6E8954325,0.0644632725961316
CC_CFD37EDB214D,0.24321708675708054
CC_CFD93C04478A,0.5803271267630218
CC_CFE0AA5381FD,0.6725582181681129
CC_CFEB021AA137,0.06433946374447944
CC_CFF6E2A6A3F9,0.280518261109831
CC_CFFDC4947256,0.1599771209636319
CC_D009368CE434,0.046712429906452
CC_D02E59E08B02,0.043242273396904035
CC_D03848B7353E,0.05435862433809416
CC_D03A69B1563D,0.15311471378192001
CC_D0576802096E,0.08974985674155925
CC_D0582E0F3440,0.05598690724798898
CC_D059D0BEC5D5,0.33043054369650704
CC_D05C4A8F2A25,0.12813685093801225
CC_D05FBA9B9040,0.7691799866016726
CC_D0653EA71CAD,0.20657572012538317
CC_D076A984B786,0.13295157067735458
CC_D08FC2D99CF5,0.17862872093118579
CC_D09942A02904,0.11935109345813455
CC_D0A8EA2D37F2,0.12850625185370593
CC_D0AAD35C800F,0.12487013024034516
CC_D0D666EC0244,0.09541032810867364
CC_D0F3F68F4452,0.48487853373718287
CC_D0FBDE8ABAA7,0.10986475284778964
CC_D103D50237D9,0.23925356917542584
CC_D11E5A30CF3B,0.2822754228273623
CC_D122B30AE7CB,0.5311361781572073
CC_D1679B40D83A,0.1005511955788618
CC_D1760785D631,0.2666925048578016
CC_D18088587757,0.2384197727571336
CC_D184160042B7,0.3095932721816184
CC_D1886485E8B4,0.13674002097600785
CC_D1893DD5B4D4,0.07959501924937085
CC_D18B60E035CE,0.7947030432243914
CC_D191D099789D,0.08095727672870551
CC_D1BDB41E7FF6,0.0990036266110611
CC_D1BE2E6E9C9F,0.18308285535284446
CC_D1BFB29BF61C,0.08071471994865571
CC_D1C259F80E13,0.0897756545821285
CC_D1C63DA9CA93,0.11936163929883684
CC_D1C931E4F305,0.0679457465501998
CC_D1CE25F271BE,0.1445760026771915
CC_D1D2127A0C67,0.055536719607723106
CC_D1D31EA359F4,0.13417898779888088
CC_D1DB888BD9B0,0.11344275694236938
CC_D1E82B9DD102,0.1623820864839545
CC_D1EF68A649AA,0.11480968664444054
CC_D1F05E69F80F,0.058222416698989726
CC_D1F6FE158DCF,0.239815820485897
CC_D205612FD566,0.6631710919948106
CC_D21474C31E3C,0.743343068794416
CC_D2195A061A0E,0.6862266955178083
CC_D2199CC1CB08,0.034058596934992164
CC_D21FCD9DFE53,0.5239204373355111
CC_D233B2C8062B,0.4383923337048363
CC_D234CF2C21AE,0.6908689377727317
CC_D2373015DF41,0.05784074645784548
CC_D239CBE1012A,0.12050149382274794
CC_D2591377E980,0.769933144581998
CC_D25E25C831B5,0.06894429042972144
CC_D262BB13DAAF,0.25925998022498203
CC_D272BC699F38,0.04919423619199182
CC_D2813C835750,0.8012879581546322
CC_D285B0D67016,0.02623633364623704
CC_D28FB525E310,0.2638019453361523
CC_D2AFEE04E96F,0.039481704613587965
CC_D2BBAA423304,0.14877000259696452
CC_D2BE8B4011D7,0.056022017171341414
CC_D2C49D2FEBF8,0.1764077896138464
CC_D2D09498D333,0.13856501178055472
CC_D2D187DA334A,0.15030094829896418
CC_D2D47A5386CE,0.2545598969387689
CC_D2E98F50621A,0.0485294432075809
CC_D2F265035F0A,0.0487289580216194
CC_D2F91355C6D0,0.15869087183065855
CC_D2FC934F8324,0.13847218470101497
CC_D3044C67CFFB,0.058591620558334834
CC_D313F2C49E46,0.3071087621950787
CC_D31FFB053D60,0.11247265586567229
CC_D336DB6323BB,0.3134816287479322
CC_D343A7CBA377,0.0697479573403475
CC_D345AF4C4B61,0.20096622800257247
CC_D34FA9410740,0.0748915218468338
CC_D354C5D1665A,0.1433199466040634
CC_D35E96480AF8,0.2522735409792609
CC_D3616386D6D2,0.13508617419154623
CC_D365173E852D,0.8371769199552713
CC_D3683C6CFC5C,0.6441013553128822
CC_D373463038E0,0.06092485220652022
CC_D379CF8E3FAB,0.7676036268597932
CC_D37B4CA7F3D8,0.04921053928184044
CC_D37B5B3CA4BE,0.6640886234943164
CC_D39265D7B6C9,0.05730806583700414
CC_D39E3F732408,0.06970821909291589
CC_D3A7B21165B3,0.27588167828765026
CC_D3A9028A4660,0.04846507618766212
CC_D3A948322BD5,0.7322036623363655
CC_D3B95DB5E6C1,0.2983353698120105
CC_D3C8C5014D5C,0.21227080220900524
CC_D3D80929AF52,0.08809342915598323
CC_D3F25136073A,0.1739566428195965
CC_D4102AD032BE,0.19852219596084344
CC_D416EFCEAD89,0.05024687004825397
CC_D41C5030494A,0.7192012616878304
CC_D42E477596A3,0.06336239268463972
CC_D432C89BADA8,0.15650453922416338
CC_D434638E9569,0.12006538364875688
CC_D4518F98BB77,0.09960226405199127
CC_D452847F2A4C,0.06595844991197641
CC_D454056F92E6,0.21441737325428462
CC_D461FB973AB2,0.8284088417113243
CC_D462250B13D3,0.34968515711304804
CC_D48E686A834A,0.7051833641704557
CC_D48FFD985E51,0.06790161383913035
CC_D49263A1BDF7,0.11695971919644092
CC_D49668C65C33,0.03500554532410329
CC_D49D9C57A849,0.08298783155455608
CC_D4A029A150E4,0.1873625441885193
CC_D4AC998C0BC8,0.703303587050619
CC_D4B02AAFC697,0.11605718881128893
CC_D4BDF0F4FE9E,0.10107907546292588
CC_D4BF2778371B,0.14702004924164375
CC_D4C0F4DB3501,0.1588581862469876
CC_D4C6DD8A364F,0.12537246745161143
CC_D4CDE2A1E174,0.14731567282683522
CC_D4E7EE35695B,0.13900930681662638
CC_D4ED652E86DF,0.26570986609324676
CC_D4F844B54B84,0.04392814911780341
CC_D4FA0055DB4A,0.03645202818023835
CC_D4FDCBAFEC74,0.7613075990419405
CC_D517D90E105F,0.077555756221479
CC_D52B87A01028,0.21049361022398777
CC_D530C3D1DBF8,0.6459650167696411
CC_D5327E41EBA2,0.11140656296037282
CC_D53C8BCA531F,0.08535392407390766
CC_D540C7ABF683,0.7143989055111561
CC_D54105FC1349,0.3306007183106974
CC_D550CE8B9313,0.7532653624548451
CC_D55C5B432387,0.15793955645519803
CC_D5646FCC5E14,0.5490548074818582
CC_D56F34613338,0.13153455674023135
CC_D573AF0F1674,0.11118402571040686
CC_D586E2C2B3EF,0.22864014185547243
CC_D589E388CA02,0.06175175886819451
CC_D58EBD954E68,0.3117847585391668
CC_D59AFE884BDD,0.47290334079112856
CC_D5AC596A85E1,0.16470407944064386
CC_D5B99B578573,0.03486337350209058
CC_D5CBF4A4D3B3,0.09443478141055174
CC_D5CE05EAA837,0.22661134780618258
CC_D5D36A6C8DB3,0.07613172487787556
CC_D5D8D545736F,0.08324720268608571
CC_D5ECFAF8C1A3,0.07399129340709457
CC_D605715F737A,0.13559223915447322
CC_D617428B4B0E,0.3667283679490202
CC_D61E8E5C4414,0.11009470793947972
CC_D652B5F05769,0.1893037856806001
CC_D6564D0CB9A8,0.18372983940806226
CC_D66183657419,0.07286232928977232
CC_D66BDD3E1AA7,0.11368721486297996
CC_D66DA331534A,0.08619530349742796
CC_D687A780C0E6,0.04999382581498878
CC_D6AE871A4C9C,0.10676784684925848
CC_D6B7AF1FBDD4,0.5134375016528383
CC_D6B874308353,0.5652115015676438
CC_D6B8F47FE484,0.47281273215321873
CC_D6CB1BFDCEEA,0.13649699865164866
CC_D6D47D7E1C51,0.03946485536843315
CC_D6DE060699C6,0.14513793595226154
CC_D6E06014457F,0.8822863051753609
CC_D6E8E17EA449,0.3116676493521342
CC_D6F216AB1C4A,0.14534458096403607
CC_D6F5E3A51C8A,0.08640993020178664
CC_D6FB3B76D7A0,0.6573826662805167
CC_D6FBCD4BA3DA,0.2639428804358188
CC_D70918916097,0.5146281354038982
CC_D73B1B9B81A5,0.056340422832498946
CC_D73E9E24BB48,0.11864646565111397
CC_D74AA0F20466,0.1219084553683011
CC_D750070C44BB,0.7555938834399634
CC_D7529675CB7D,0.16335455189328402
CC_D75C8CDB510B,0.6403035145238216
CC_D76009C47709,0.2938520827820235
CC_D771775A58F5,0.2004827344047168
CC_D77F9D613EF7,0.20317464973469343
CC_D7999C3EDE22,0.17974265342243445
CC_D79BF1D26499,0.18956749685082844
CC_D79C05885899,0.10269785027448664
CC_D79D4F15D10C,0.04079298962916916
CC_D7A11E3512D2,0.054313059057897135
CC_D7AD7A7279C4,0.16950880640067922
CC_D7B35055AF0D,0.19646929568688437
CC_D7D99409D57E,0.3059232455918033
CC_D7E403181D8F,0.11776837732456437
CC_D808C7BA9399,0.12661088024972053
CC_D80DE8B544F3,0.038859742479274484
CC_D81D19AEFB77,0.031067921049687884
CC_D81F317F6384,0.12130042916744611
CC_D844D9DF962C,0.09600052713485444
CC_D847D978387D,0.047570915767918234
CC_D85C7B85C440,0.24308518798782908
CC_D885591596E7,0.07749553867374685
CC_D887D07BDE23,0.4116241983266272
CC_D88ACC0CFDA5,0.1127403045378658
CC_D88BDD0F510C,0.05026006535849645
CC_D8956424CB37,0.4099011269643672
CC_D8959BB99A7F,0.2779591675577162
CC_D89A9A14B5E8,0.05503244616678393
CC_D8AD01F3CCE7,0.05237456033221936
CC_D8B4122DC296,0.1273106691184676
CC_D8C38B187875,0.7529835940349382
CC_D8E55509595E,0.0620104568470331
CC_D8E6B90C37A3,0.10835459590175321
CC_D8F1AECFCC2F,0.05158856171906483
CC_D8F7672C70D7,0.04187491328415069
CC_D8F7E904E7DF,0.17996356346210968
CC_D8FEF1C99F88,0.6916907296829062
CC_D90761F9E9C9,0.38756731175740644
CC_D90D9D5C8FEB,0.1111885478754871
CC_D912917A4F4E,0.7701965469700269
CC_D91ECE64FD0C,0.11479634083859573
CC_D9325E5695D5,0.0566706685590034
CC_D9563654A397,0.1900146686297716
CC_D95766A6C24F,0.10997468023758361
CC_D95939B1BBFA,0.06391986782270334
CC_D96729C38BC9,0.08590406694305652
CC_D9791EFF766C,0.2153864041972241
CC_D97AA7C54F6D,0.1240948075357837
CC_D98BA5CE8EE6,0.49149538007469956
CC_D991DAD5413D,0.1599742248094651
CC_D995C89AA359,0.20851365425131374
CC_D9A54F55AD6A,0.09799293458045477
CC_D9B87A96C353,0.24348760678546197
CC_D9C42B0B6A0C,0.17522279240066657
CC_D9D487E78FAF,0.6665148224566178
CC_D9D744A66B09,0.09400277461525397
CC_D9DA3F6E2E7E,0.13833807984001958
CC_D9E5792258E4,0.09933308689575462
CC_D9E6B9CBEB77,0.05872854138798417
CC_D9F0CDB02AC6,0.1279651841894043
CC_DA0201D1BCF2,0.08950549567416595
CC_DA0500AFE692,0.06077472288847936
CC_DA0E0BD3880D,0.37747111728211735
CC_DA10F53AE655,0.6267384642481479
CC_DA1643A835A2,0.09264007613807217
CC_DA1C5BAB7E35,0.5059291770888573
CC_DA1DC6A6371D,0.20312718065621269
CC_DA1E6B31DD2A,0.6803501146769038
CC_DA1F282809D0,0.030892521581786986
CC_DA226442D919,0.7730393605455412
CC_DA31EC318B1F,0.06059475934274121
CC_DA33597C6459,0.14183189462479923
CC_DA43CFB5CC2F,0.19740718963613452
CC_DA481C72B8A4,0.24840265877572665
CC_DA55447636EB,0.0386044415547803
CC_DA5AE34842E3,0.08272766895046232
CC_DA6880B018AC,0.17092505180645706
CC_DA700A961616,0.1672729279433455
CC_DA7E65F1E6AA,0.06957448737183428
CC_DA80FAA7FE30,0.10693020752090146
CC_DA8DCCC1199D,0.3061945463668715
CC_DA8EA724C1D3,0.39095058704342367
CC_DA8FA65D1924,0.04346874042989243
CC_DA99D1E41C3E,0.05886405359359366
CC_DA9C3BEFD0B3,0.17423852429509396
CC_DAA3B7FE1C62,0.06966533604659245
CC_DAACE4211B34,0.17460363928348516
CC_DAD239E56638,0.8013800419673482
CC_DAD4BC090253,0.06559521347359237
CC_DAEDBA26BA12,0.2727619891162987
CC_DB1EB08EB40E,0.12127108572819954
CC_DB2314ED6960,0.08391686182125152
CC_DB25E05EC5CD,0.474078600187978
CC_DB3BE0C87882,0.05331613544475171
CC_DB44628BC147,0.14207824533958902
CC_DB562E602BA8,0.11666896862161857
CC_DB61D7F5F8F2,0.7256730375115741
CC_DB6498598C32,0.17293546229354279
CC_DB6B59FB6E30,0.03667187902236252
CC_DB801B947698,0.28534778917987896
CC_DBB8C467FF1D,0.0956758130792766
CC_DBCD21C2C322,0.07407204702124759
CC_DBDB148E45DD,0.08750570875273325
CC_DBDF9BFA7E87,0.09887137874616603
CC_DBF5CD2D854F,0.21252975391015166
CC_DC0077DE6E39,0.20905329550292742
CC_DC23159A1F99,0.07751228050076675
CC_DC2458827FD8,0.21191024915487106
CC_DC2BE35D58AC,0.2280960717045404
CC_DC49C8D3F7EC,0.5294316488596091
CC_DC5DE66826E9,0.11007719878730671
CC_DC6063FC6464,0.07454118876493696
CC_DC771AE1B4BA,0.7024841185000829
CC_DC7DEBC30E17,0.4646817978430866
CC_DC978F3A711F,0.700552382570329
CC_DCA2140C7BC4,0.21720156080411548
CC_DCA5CE7C9DC3,0.15959036888698688
CC_DCB5798049B2,0.12075355723153001
CC_DCD10C95C942,0.5118357177699512
CC_DCD145E8E729,0.2963168279443586
CC_DCE0BFC03B86,0.04870031880890564
CC_DCE75AE2FB52,0.048460249497785074
CC_DCFCEEF21BA7,0.3365844300203699
CC_DD12A8C462FA,0.07672746326012783
CC_DD14867350AC,0.14732990190860823
CC_DD232BC8881D,0.2002377542992386
CC_DD2473D34D68,0.20798604589321984
CC_DD2B5C4CD318,0.059984664201809604
CC_DD4EC06C3A92,0.28875203274846617
CC_DD5299DA8C1C,0.07117874778014797
CC_DD59BFF18ABC,0.13619086268084235
CC_DD6777E1B05C,0.05560072835006519
CC_DD6EE1501B89,0.09273961379447677
CC_DD78B52AE022,0.1131452600886397
CC_DD7983A07B43,0.6686710934443598
CC_DD80B5CC495F,0.12391303463862616
CC_DD8956B71825,0.6719961287667904
CC_DD8D40E7E2A9,0.10986176648163193
CC_DD9972D0B63E,0.11860858059864463
CC_DDAE70634ED3,0.09435703179478949
CC_DDB4A9FF2B03,0.10444962585338373
CC_DDB68302DA2A,0.16911881378461974
CC_DDB9DEC9C037,0.06660548941102443
CC_DDC610D2B2F0,0.07015083512937355
CC_DDCAEC6BD9F0,0.20061555269586928
CC_DDDF665EBD93,0.2868177651863597
CC_DDE66EBF2157,0.06802851939581166
CC_DDE8B7E9C7F4,0.3122138184501268
CC_DE019FC36D28,0.3579317163021387
CC_DE07076B04D5,0.12967407314480817
CC_DE07AECD2361,0.03161935717741603
CC_DE08A4514010,0.5096939088296959
CC_DE093FAC5293,0.42454255445740535
CC_DE17BC1C2324,0.05702654616700387
CC_DE1B13B3E504,0.033778977529545264
CC_DE4264861B73,0.09590196745768123
CC_DE4810B88C51,0.31601385895883094
CC_DE4EE8A16896,0.13201700849196268
CC_DE523A2403BB,0.08925772753464115
CC_DE52860CFBBE,0.21108036347701908
CC_DE593193FB9C,0.1843832178557746
CC_DE5A9B499ED4,0.08497569358141763
CC_DE6AFFA63ABD,0.08004401364023433
CC_DE7CEC14CCD5,0.6853379450486061
CC_DE7D7B5BBB14,0.672198218401505
CC_DE81AAB7BF48,0.06068695963912144
CC_DE8956D433E2,0.6437442989374047
CC_DE8FB8D1CB71,0.3224984507000676
CC_DE90D07B269D,0.1920384635007168
CC_DE9A62529780,0.15582421469873262
CC_DEA425EA8441,0.10998225477213765
CC_DEBE01582EFF,0.22123724973535147
CC_DEBFD4E79A38,0.03759158521819041
CC_DEC97F13CB8C,0.19431807014334712
CC_DECF1507C86D,0.14331772484912203
CC_DED24C8D047A,0.11655457048780937
CC_DEF4AEBD31C8,0.263318004484449
CC_DF062F698349,0.09522625494810022
CC_DF13D5CB626A,0.10652273172748272
CC_DF15C526CDC5,0.04820192653049345
CC_DF1F6C68F7D2,0.143380732238849
CC_DF3EB88F509B,0.09324129215052643
CC_DF4E332C886F,0.030123913670073194
CC_DF514171DC30,0.1598668239770979
CC_DF536CEAE5C0,0.05548647057255614
CC_DF5806CC2CFF,0.1379108652178046
CC_DF715690EF20,0.20912238206128614
CC_DF718A37AF15,0.0858466203680889
CC_DF7276DD74AA,0.1254739602335252
CC_DF750B2D6872,0.3066831478813311
CC_DF9FB6670627,0.06481537685748151
CC_DFA65A0125D9,0.05057051337433191
CC_DFAE355359B8,0.21675908945577
CC_DFEA562F7BCF,0.2949555819331242
CC_DFEDAF0F0D6E,0.03873431515869452
CC_DFF6F74C64B5,0.669802571042361
CC_DFF87DF16763,0.12504000245696179
CC_E00D8ECE9FA9,0.15332824822131313
CC_E027E36615C0,0.5876162724581149
CC_E02E23CE49A8,0.08096946378134512
CC_E030B3AEBF19,0.16668766072869345
CC_E031A4C862C1,0.14232748954429136
CC_E0339B331F4F,0.09047608832586113
CC_E038981B2FEE,0.11900156542592613
CC_E0463868968B,0.15952041737982542
CC_E05A8621B581,0.30628181403676286
CC_E07FB0312232,0.1388597852521119
CC_E088594E0624,0.20429856184651482
CC_E09AC3B1E534,0.09415138454310504
CC_E0AC29AFCF97,0.1757764447523047
CC_E0BAC6E0D0DA,0.07663372758559377
CC_E0DDDA07F0A1,0.1419664494428075
CC_E0DF45AB72B6,0.2040640489994292
CC_E0E1F8E7379E,0.0944348150349307
CC_E0EF095444A5,0.16553714379308038
CC_E102E4F7F8B4,0.2067723417685859
CC_E109B4CA6A8D,0.1328173181989274
CC_E11470A2D92C,0.44721611566018604
CC_E117B8A6ADC6,0.026124647373703593
CC_E128015073F3,0.08488121759536875
CC_E131D5EB9237,0.21401057253836292
CC_E14A24095E9F,0.14160140569254653
CC_E14CADF89123,0.5106014237739941
CC_E16876025011,0.05216746083822986
CC_E16C71C15D04,0.7278573161221127
CC_E16F1BB83653,0.058540750942156425
CC_E17448FB08EF,0.5870326367385963
CC_E17AAACEB07D,0.09227873052804213
CC_E1875522DC57,0.14872827425500734
CC_E18A0734641A,0.11457287093987473
CC_E18A22453843,0.06905711084976497
CC_E1B4E3360C0F,0.16351990726611637
CC_E1B5AE645169,0.052335023660461485
CC_E1B71F6B7DD2,0.2736161740127954
CC_E1D073F693A2,0.34181236626208167
CC_E1EA83C31C66,0.09334818041291229
CC_E1ECAE226485,0.25946131283993557
CC_E1F0C5076481,0.08526589309749907
CC_E1F78CE289D8,0.045159791462319646
CC_E1FBCECE0A54,0.2157686998432185
CC_E1FD46CA26D5,0.0971104107049047
CC_E20E7C7164A6,0.7854105126933382
CC_E211E2698C14,0.03332962376653136
CC_E21B4F587C45,0.13770540975881748
CC_E22A278A1386,0.05872745261805942
CC_E24078C03B7C,0.1362557717315247
CC_E2452737F950,0.14277889767965707
CC_E246119AA09C,0.6375767656345989
CC_E246942C7310,0.07501079580212772
CC_E2474A334F3D,0.08255399160775506
CC_E2489637D0E8,0.1417401262736713
CC_E2521AF9C2A2,0.08200729718829236
CC_E253F4AC4762,0.5860157937968957
CC_E257805D0F0A,0.1723986878155435
CC_E25A924EDB70,0.09984271030714485
CC_E25B5D5502AD,0.09568201602080528
CC_E2619E24BEDD,0.6857366144151975
CC_E274DAF3C064,0.0665189145550637
CC_E2787CBDFBF1,0.14508461564643468
CC_E28AE2E68BB7,0.7077312044807382
CC_E2C3E272D059,0.2554972118174719
CC_E2D653061523,0.461694588289892
CC_E2ECDC7D23EE,0.1436004192175649
CC_E2F0E725C3AB,0.06251472964696864
CC_E2F7712CD056,0.19431698973755065
CC_E2FD7FCF0AD5,0.8252100668300105
CC_E308C7DFB2F2,0.1398409113807939
CC_E30B791D5F11,0.2411063423500646
CC_E315F7A94400,0.3302552895931574
CC_E31DAB1E73F5,0.05228166392553958
CC_E32034C97E83,0.19940076971780948
CC_E32DBED5EAC1,0.22593836165194936
CC_E32DDDDEE3CB,0.1873175455194672
CC_E343EC3EB052,0.69722426151215
CC_E34A04E78D60,0.11676486963327405
CC_E3503B565AD0,0.27215313500533983
CC_E356B05ADD56,0.2287966935177725
CC_E35D02BE6780,0.021474428198734345
CC_E369AAECB2B1,0.47205897180297796
CC_E36ACDB4F96F,0.5068831482698641
CC_E36C7F0E1657,0.8552265920100807
CC_E381FD4674D5,0.02940559713864555
CC_E38E3835121E,0.050360136242153644
CC_E3A70438A0C1,0.2685562059852402
CC_E3B5C76189F3,0.2446357422289937
CC_E3B7B7E57889,0.18670719974606673
CC_E3CCC0D886D9,0.18157497954391721
CC_E3DD8AD10171,0.2755037547244844
CC_E3E230CF20A1,0.2145552316473772
CC_E3E4B2543CCB,0.07038354041994857
CC_E3E5DF01E014,0.17200194138359265
CC_E3EB157288A2,0.08942591714873126
CC_E3FBDA203EDF,0.1727813659187925
CC_E404FCA6CB2B,0.7158521380619116
CC_E4054F9C8442,0.2963113116721448
CC_E405D808772F,0.037748114435967296
CC_E4137B250609,0.3072914719002635
CC_E41482A7E968,0.0667011953185658
CC_E421FA1874F4,0.08975504333557222
CC_E42C38BBBD04,0.17822486589658132
CC_E42D90BFB285,0.04685497857306779
CC_E42EFC05C891,0.07824785865442425
CC_E430F3C75969,0.09641467591098622
CC_E4576D6B6478,0.10752802902419942
CC_E46B27A13728,0.391278494467475
CC_E4783FB590D4,0.15758090079101517
CC_E489009C6500,0.1539408263730485
CC_E493CB46177D,0.09182356477109659
CC_E496AFA9B40A,0.3205573123349038
CC_E4A2FFE0EE1F,0.11048656473730653
CC_E4C553538385,0.35402193366084456
CC_E4C7B5501ED1,0.16059820725061513
CC_E4C8A5A60F51,0.15129014699678828
CC_E4C94AB69214,0.43970784301578136
CC_E4D75244E8B8,0.18839396066706826
CC_E4D9A8EEDBAE,0.2083106766516784
CC_E4DF787730AA,0.13274964301272313
CC_E4E0DC070132,0.14943409574029926
CC_E4E3C08B7F86,0.052208475750621125
CC_E4FEEB4389C9,0.3373305636445558
CC_E50598344DD9,0.3869006545702537
CC_E50C634A9A18,0.03238645765350641
CC_E5107337FDD7,0.05149973291396599
CC_E511BFCFEC9E,0.6800422135049349
CC_E51318749E09,0.1294446822492153
CC_E53FE6708AD9,0.6838941693487017
CC_E54290FEA34D,0.10188259809754925
CC_E54B723C018B,0.04036136449172074
CC_E554618F383B,0.11779155951799497
CC_E557336955A2,0.1079015422315367
CC_E55B48E73651,0.21406308515848996
CC_E55D8DC645B9,0.0541783947801421
CC_E575DA02C575,0.21295045436176613
CC_E576BD98A727,0.1691383839558524
CC_E578DC77656B,0.16528238145571889
CC_E57F3EAFD9A3,0.12793581295924072
CC_E59A01603B7D,0.2993515259665575
CC_E59B2D974CB3,0.22367491467362483
CC_E5A1C44F0F07,0.6410335560009167
CC_E5A8BDF6BFC1,0.15590602291911804
CC_E5B284DA0E5D,0.08833954902840685
CC_E5B8363BB378,0.6030213479745139
CC_E5D8BFFA5F88,0.058231185341431096
CC_E5DA04902EFD,0.28473995526000223
CC_E5F53CFC20EC,0.07135676761554172
CC_E5FAECE63C59,0.5270626342398316
CC_E5FB6E872C58,0.07153153764075743
CC_E6045565E7ED,0.08453097898897519
CC_E60845ADC7F1,0.03896575319045833
CC_E61567D6B392,0.1146821069561621
CC_E62174AFA94C,0.16628815392229543
CC_E6247DD14641,0.09350005722288429
CC_E6289A61F0ED,0.09334343864187161
CC_E62E32FB6FBB,0.02630223950851515
CC_E62F6BE942DC,0.22638007975392982
CC_E63E49B128AE,0.08254729944296807
CC_E63F89885A3E,0.8046984396882901
CC_E6466E6A92CB,0.26947320715709655
CC_E64BC95F8B2A,0.87452128635563
CC_E64C652BBAB2,0.07721853212550076
CC_E659DB355476,0.175355750414039
CC_E65C8BA5A7CE,0.06121464748815512
CC_E65F39446752,0.35566747517629316
CC_E67395791589,0.18260609142096318
CC_E67622A69EEF,0.07585422157595732
CC_E680830CAEF3,0.0571810438652672
CC_E6823643AC4C,0.6686863339939966
CC_E683F33931BB,0.1339393265734412
CC_E68841DEB163,0.07092794575379974
CC_E68B2C33D180,0.13097678523777267
CC_E68EE6EC2618,0.04935818826011079
CC_E69508D3D3F1,0.22402881701822397
CC_E698F1348426,0.24902685829118082
CC_E6A178F3709D,0.12433271148237991
CC_E6A4B6E8619C,0.6713831691116845
CC_E6B3887C66BB,0.2567509373497975
CC_E6B6BBBDBEDB,0.3248650433718213
CC_E6DBD0F9DC3B,0.06784217098343978
CC_E6F090F70DDD,0.27498497011797707
CC_E6F2D8CB45C6,0.09684055249627532
CC_E6F8FBEDA2A7,0.08570249076950731
CC_E70854CDFE9C,0.06219819070727332
CC_E71C05F07F85,0.06732650472610732
CC_E72797CABC60,0.07197510264930843
CC_E727C1153226,0.09948583577943207
CC_E73489D828C7,0.11732697739255893
CC_E7355465CE6A,0.06809801493074064
CC_E73CDBC743FF,0.2245127498887235
CC_E74F00E75A4F,0.06466584608909365
CC_E751F7E19192,0.16522935170394853
CC_E7522AD6431A,0.5433535947255428
CC_E7523630D2D9,0.2527879420941772
CC_E767372DD95A,0.6304365190907701
CC_E76C5DFD3BA6,0.23153758579795763
CC_E77326438575,0.19798507904904794
CC_E77E29E11EB1,0.15245713773627492
CC_E78F20B3223F,0.720965563877105
CC_E79A23E64518,0.10145615733584985
CC_E7AC69AEA182,0.7797926175191532
CC_E7B754CA9668,0.05282406785879675
CC_E7BA60365AE8,0.151110603072792
CC_E7C95D4A741C,0.07346529791488812
CC_E7D3D728EC5B,0.16655359689454466
CC_E7E4D5F851D3,0.06603264462767613
CC_E7EA49D37B64,0.34314551995329645
CC_E7EF11A24F73,0.8198008661192764
CC_E7F6F9A7EC65,0.07409563580374146
CC_E7FBC7F69DBB,0.20295535838030299
CC_E80B1A55A74D,0.16079179480022732
CC_E824AB0AFDBB,0.21027388673853883
CC_E826DAC92D9D,0.211621240258132
CC_E83AB7100D06,0.13925303709169778
CC_E83E6D31EC76,0.25185754586496856
CC_E86650461FBE,0.16893940320859524
CC_E868A3754B11,0.8575131416068678
CC_E86A993F7D05,0.0853059190881835
CC_E87992FBEE80,0.6646948060744189
CC_E87B909C4DDD,0.21618931966322988
CC_E8828BA7EE08,0.12768524920035534
CC_E886157F6FBD,0.33622554838247
CC_E88711C5C98E,0.11965406969649445
CC_E887680BB6CC,0.17118313605782376
CC_E8909BF77D8D,0.11846077400331378
CC_E8A82DA3A246,0.15881988885142928
CC_E8AC7545DBD3,0.0781995025573777
CC_E8BA6B224C3E,0.10216246294938307
CC_E8C6CA45BF72,0.2218865807618059
CC_E8D2E3126A8F,0.687912014387033
CC_E8E55DAC4FF9,0.05676860944990858
CC_E8EB77AF3F78,0.8457530402061448
CC_E8F2C6905503,0.40842350441075914
CC_E90831F897A9,0.18320674109377727
CC_E90B14D51185,0.5404372363511706
CC_E9188329C9E7,0.0815082735071746
CC_E91E1C0C0C61,0.6658263558339375
CC_E91E9D34C5F3,0.11247748043973563
CC_E91F555DBA96,0.1297207121442559
CC_E932CFF4B4A4,0.21389858992655147
CC_E93643CB34CA,0.16182075984745897
CC_E937CA493910,0.1683968359515104
CC_E9409A50B4BF,0.5077927552961299
CC_E96711AD5512,0.05590710912635957
CC_E96A3E6912B4,0.4728292423756806
CC_E98AEE74B9BC,0.23590733775738917
CC_E992FB78BC2D,0.32023656310081183
CC_E9A3AECEE3A9,0.07621214609557378
CC_E9BDA7766728,0.27533297289718617
CC_E9BF1AFE86C3,0.15565003936745253
CC_E9CA055AD1A3,0.10187428406523788
CC_E9CA0A56E917,0.19586286320091248
CC_E9D3453F53AC,0.6400806901868017
CC_E9D46EFFA839,0.2146822440196866
CC_E9ED872B6037,0.04403672283439343
CC_E9F40C1B559E,0.1257998945036773
CC_EA06928C0AA9,0.23128695578695962
CC_EA0A46F64C80,0.12410947234312122
CC_EA114B15FC04,0.5573207045347691
CC_EA1F3F67BA2E,0.08680442381325867
CC_EA21618614D1,0.6933916689864094
CC_EA26B5A89181,0.19484116360578896
CC_EA26C6C27662,0.1842206174127593
CC_EA3B5AC76649,0.21124197830294883
CC_EA4E669C8528,0.07726792004785434
CC_EA6917E7A5C2,0.7124757458732869
CC_EA8A25862433,0.15279148779066648
CC_EA901D7CA670,0.17332628676734896
CC_EAA2BCE323EE,0.7458123316267746
CC_EAA6D5189190,0.11677520484185802
CC_EAAA8DD7FAAF,0.1409501915801512
CC_EAB7408CCE0E,0.30601924578494266
CC_EABEDB3C4827,0.13943893849718997
CC_EAC6D83D1BFC,0.033655069873025314
CC_EAD7F3E9DAD1,0.06290020108367836
CC_EADC7D8196C2,0.23394334182604098
CC_EAE608E24E29,0.03916072980620869
CC_EB05AD2C7C27,0.04035427352134467
CC_EB1DA337E2D1,0.13581702446588356
CC_EB1F425EC937,0.11712360981055761
CC_EB2FE764BF6D,0.13014584747599534
CC_EB55483587DE,0.10318115120946716
CC_EB569B3E2E12,0.6027172170379123
CC_EB57E6E6C96C,0.1740106913817531
CC_EB5A0FE0605C,0.14295887611211783
CC_EB64EC97D01D,0.12872162855297928
CC_EB691249B91A,0.1693350492708955
CC_EB7C50A7D4C1,0.42868963103558794
CC_EB7C52FDBEC3,0.15754617809758542
CC_EB86FED24535,0.296752373089526
CC_EB89DECC2021,0.1017534562254771
CC_EB999F9D6095,0.20312844270740588
CC_EBA2F85924CE,0.07146963613138832
CC_EBAC5A53FD11,0.08424180627789293
CC_EBB109EF7619,0.16401129227133276
CC_EBBD00C18763,0.04599690903340319
CC_EBCA68C7854D,0.07500989497490519
CC_EBCBDE122879,0.1555993749859067
CC_EBDF6C88BBA5,0.06787550895492352
CC_EBEDAC91ED43,0.09281078949440559
CC_EBEEC4183FDE,0.04794627367311028
CC_EBFD9D007253,0.4639753593223135
CC_EC1ABC58E09A,0.16025453127017428
CC_EC26EABA68DC,0.826172375251628
CC_EC2A485A3E71,0.1939391361786596
CC_EC3B9E2FE47B,0.07283968090829872
CC_EC505F03EE5F,0.02989878228403311
CC_EC5317EC6706,0.18650726320440117
CC_EC5B7FBD1EA7,0.13035152988333973
CC_EC5C7471FFC5,0.06440495492792386
CC_EC5D92B3617B,0.2099760547324088
CC_EC5E214BFED0,0.6820919782741629
CC_EC6406527201,0.09759851138579154
CC_EC79022358C6,0.297829073711299
CC_EC831A90189F,0.08106224276713409
CC_EC87C131FADC,0.04971852061821105
CC_EC88785D6F39,0.16957898833701499
CC_EC9173F5284E,0.04287627291404894
CC_ECB7B3B6272E,0.07004377108537879
CC_ECBF4CED56D1,0.1184690309664571
CC_ECBF80B94EAE,0.8126710025696477
CC_ECC78B7AE3F1,0.5658386601458454
CC_ECC7E9E691F5,0.13959220921650606
CC_ECC9235F612E,0.26727938780078697
CC_ECCB0BD557DC,0.14291586315653532
CC_ECCCB1B4EA8F,0.08951165214854638
CC_ECDDF4983DD9,0.05135245176889986
CC_ECEE93C4F564,0.5982113375157683
CC_ED07BD8B2CB3,0.053324770294573304
CC_ED0F4A02A01C,0.23600606785288342
CC_ED11D72A1D3B,0.0617769428069045
CC_ED165FC5A06F,0.05277061565126887
CC_ED2B6A40ABC7,0.2557020028938305
CC_ED390F22A931,0.0807562077361914
CC_ED40E7CE5177,0.21245318723521164
CC_ED4E4B13DB1A,0.038046788225571816
CC_ED4F22572419,0.15157855150119415
CC_ED5AE5CB1DC5,0.052684333121892454
CC_ED6090A4E6E4,0.22176371326775557
CC_ED645D91E6A5,0.10904724391780155
CC_ED6B045B6075,0.15214325206392681
CC_ED9313C71C57,0.15880161067381582
CC_ED9BCE7C776F,0.7795188355577778
CC_ED9D4644716C,0.16258333202943054
CC_EDA794402358,0.25471004365646477
CC_EDAADACD4DED,0.09036145727366504
CC_EDBAD2E989FB,0.13888727300073309
CC_EDC98B474E76,0.29463419336407815
CC_EDD1FD49A66A,0.790843003268844
CC_EDD448008C0C,0.7041313414425312
CC_EDDA3B790095,0.06353749026554373
CC_EDF95BF0E3D6,0.19665034787894953
CC_EE03D7C2BC69,0.06545846468158903
CC_EE0D95184E81,0.046102593405743304
CC_EE0FF690C214,0.4426314980458431
CC_EE2412C352D5,0.0890328954216155
CC_EE2A010019CF,0.06556883466524717
CC_EE2AC730827E,0.061705773110808285
CC_EE3236E6A9FD,0.12509892814489154
CC_EE3759EA49FF,0.16892068889321615
CC_EE38C78AD88B,0.39926267520312464
CC_EE3CE0FD6B77,0.5941118129637202
CC_EE6B7E58FC63,0.04239046999959499
CC_EE6E02464067,0.25588865757318846
CC_EE6E1FA7A753,0.14417802408354208
CC_EE6FCE6C233A,0.21517776856937193
CC_EE88C07B9333,0.08933628517582456
CC_EE9004165810,0.06814699513061336
CC_EE9BD17AD343,0.051512792166278826
CC_EEA608D5A455,0.14614516330600302
CC_EEAFDB1BB486,0.531832519514951
CC_EEB482736C41,0.2275270182831573
CC_EEBD9DA093E1,0.03857547246271106
CC_EEF23DDD2262,0.1271513373490724
CC_EEFBDC9AD94A,0.07853603529552577
CC_EF05000895F4,0.4855950756234708
CC_EF16B2CE0988,0.35458541439411273
CC_EF1DD3F0CBDF,0.058054711150421025
CC_EF2D82085BB9,0.09828930318690311
CC_EF2DBE79D656,0.2568046587195636
CC_EF3000C48A4C,0.06550937254779643
CC_EF359AF608EA,0.041630010059253444
CC_EF362432D758,0.2841932948691249
CC_EF548B30F1B6,0.20781888919405983
CC_EF5B403DFD7E,0.09894670563511354
CC_EF66DA0DDF9C,0.29106334483577284
CC_EF70BA4AEEC4,0.163112370714171
CC_EF83DD56FCC5,0.057100457018903
CC_EF8B642A6F8D,0.06770928421806541
CC_EFA1EB27DA19,0.04152358940211265
CC_EFAE84EA9BDE,0.09308848182426874
CC_EFB26BEA106E,0.30436387010031607
CC_EFBB51CD8502,0.1936450442479291
CC_EFC18E9B3B55,0.1169810008954975
CC_EFC4B0020E2D,0.13757171641677188
CC_EFC9FA5108D9,0.15417535531704163
CC_EFE45D9B9D9C,0.04346911338800752
CC_EFF27FA98DF1,0.06559623390462618
CC_F000DA497736,0.2585766063857676
CC_F00107DE219E,0.6916332229722815
CC_F009FC54A64B,0.7928092211887336
CC_F01DF28C6BFF,0.08572605256136073
CC_F037C91F63BF,0.13371436694979782
CC_F03FADA95A03,0.7584322255478644
CC_F05235F3C894,0.12514672135761754
CC_F0649FEBFEB8,0.4446737916920238
CC_F066C78B5C0D,0.14942717632564428
CC_F07313626618,0.6407581067668013
CC_F0783F6A56F5,0.7855190198220549
CC_F0791523691A,0.15205215379692297
CC_F080750455CE,0.05716674072994035
CC_F0809EBB0B51,0.03342919818188562
CC_F08259F86E23,0.16913798729591423
CC_F0929F859702,0.19014532521052546
CC_F0A7203CCA39,0.11960828590017873
CC_F0CD4DD9C63C,0.15141731707848338
CC_F0D29AD328E5,0.14834328090143598
CC_F0D339E5B80C,0.06252397028929083
CC_F0D3BC14FA77,0.08672763125774596
CC_F0E16D28D49D,0.17144051585692677
CC_F0EBE2C00A7B,0.06683124544507474
CC_F0F137758DC2,0.061857155555314985
CC_F0F6BD40CA43,0.3146198221494524
CC_F0F6FCF6010F,0.1678762486650968
CC_F0FBC9D4ECA1,0.030042322765022944
CC_F0FEE924096C,0.2465657964040264
CC_F1074E035DE6,0.06037316116199261
CC_F108D26930FF,0.3538975371588169
CC_F10DB853B9DF,0.3896155581496076
CC_F10E06D52D76,0.1304815282981445
CC_F11F5F477B91,0.675727920846993
CC_F14913B5BE1B,0.7705616365960584
CC_F156C1647E3D,0.07214789833628563
CC_F1598097E314,0.6493778837599825
CC_F1641E3AAB3C,0.05271836564465062
CC_F166878FB959,0.05895411742474174
CC_F17540FE7C9F,0.09782130467104849
CC_F175BB08B29E,0.05311252998813808
CC_F1782AF286D0,0.3806994188529924
CC_F1796AD4B774,0.631004119201197
CC_F17B3A3A5E56,0.6067652200072934
CC_F1858D6F0080,0.16687560866394022
CC_F18689FA8E29,0.07349977952344239
CC_F18A82B0F153,0.12388044240887022
CC_F1AE7142A128,0.11496550624856182
CC_F1B43DD57C9C,0.11504204644393623
CC_F1BCB7676492,0.09182356895993576
CC_F1C8B8BB90AE,0.15286822335877215
CC_F1E044CD2D75,0.2780973963638074
CC_F1FCB96B5E14,0.23868864083289681
CC_F2067E92A939,0.1566038148659334
CC_F21512554CC9,0.07950415533837277
CC_F243956B7575,0.0918791026134198
CC_F24FBC9FD3F7,0.32304911677414905
CC_F252EB3F208B,0.07524819598985924
CC_F25D793346CA,0.40169327930053944
CC_F25EB1ED5AD9,0.06522045615037074
CC_F265A0AE845F,0.7112138541557427
CC_F274BB4AEBE0,0.0618126106301219
CC_F28BF2185131,0.10670591789292172
CC_F29077E45AF0,0.2711434601222555
CC_F2988560CAB8,0.34576226254114045
CC_F2993AB36C56,0.08412659382346199
CC_F29D6C65779E,0.062289905000598694
CC_F2D2BADD0000,0.055591658427267314
CC_F2E4AEB73D57,0.1437306757636151
CC_F2E630BAF431,0.04728029911962474
CC_F2EFCB40AE74,0.1537485730055781
CC_F2F085891915,0.7558943674383947
CC_F3030E2C80A0,0.19334731883389833
CC_F3044C7C16BB,0.053958353275928336
CC_F30B21CB4603,0.10826618071988159
CC_F3140FCE870A,0.09216941017755836
CC_F32A84B321FC,0.18174503059342964
CC_F339FF584607,0.321190105528524
CC_F33CEE0F6DBE,0.44243205954494724
CC_F33DAF3E9CF0,0.12209791032412431
CC_F34EC3FF202F,0.08803296127397023
CC_F35A6C383B39,0.19972134343073422
CC_F360E0FF27CA,0.08262906466021042
CC_F36B7AEC0086,0.10964941764984243
CC_F370665BECB8,0.5916333503317541
CC_F373A60E53E8,0.03699960771912419
CC_F373BDAE18B2,0.07014247358574086
CC_F3745BC63340,0.06534010022120511
CC_F37DC9169301,0.1515007063879648
CC_F394E57C5243,0.21640677136317815
CC_F39E98FD418D,0.08231468889882745
CC_F39F51452381,0.03443760160753754
CC_F3A52465664E,0.06473452470593219
CC_F3A8CF761A0F,0.23889182079377413
CC_F3BF1709E29A,0.3856679498326576
CC_F3BF72C29211,0.06379025828571758
CC_F3CF35465CF1,0.057312274519519577
CC_F3E2186DBD4F,0.2526967725939912
CC_F3F0F9B9B56E,0.16328510287311981
CC_F3F185395BE1,0.132308070201368
CC_F3F68E6599E7,0.06326109433223708
CC_F3F7763C9DFE,0.1716770006893178
CC_F3FFF13592CE,0.05947573687287523
CC_F410C3CE89E1,0.16629918153720966
CC_F410C8B811FE,0.0727939819604572
CC_F4132072D78E,0.12155851962908032
CC_F4157B8E5B32,0.5307731199311108
CC_F41CF067E828,0.12860051600651956
CC_F41DC456E539,0.04246134614528731
CC_F41EEF55A0EC,0.040723014805484285
CC_F426B5C1F07D,0.3161165594428864
CC_F437875F9000,0.22651344232007753
CC_F43C961F8A30,0.14792286288627704
CC_F43D9BF23472,0.058727769200300026
CC_F444BE033109,0.1365622009054091
CC_F4481124F17A,0.15369850218207806
CC_F44EAAF80F70,0.10247956646998019
CC_F4521F6D3492,0.5139330304923444
CC_F46BD9AB1B68,0.13036353704383402
CC_F4763AA0B824,0.6227863685643427
CC_F47976F33E20,0.1966181000695904
CC_F47E588D4470,0.19717814728410907
CC_F4A2777912C2,0.11552572589663015
CC_F4A6C2B23685,0.059384568937336284
CC_F4B3EAEEEA8B,0.03525212121884758
CC_F4C6CD1E720C,0.06883261875160779
CC_F4D05DA98C83,0.062437226709554594
CC_F4D15889CDE0,0.13854578738336615
CC_F4DEC1E6173D,0.04297137610969021
CC_F4EFAD6AF8BD,0.3025145313359512
CC_F4F7835A1FA2,0.2027049728345678
CC_F500597795FB,0.1610756481981463
CC_F5197FA9580F,0.6748252983234064
CC_F5240F59146F,0.07758367840050388
CC_F534A0B87C3B,0.16006188438371632
CC_F536972BFE98,0.12829039975065154
CC_F54FDFE5A5C8,0.0768402686749733
CC_F55727F65F86,0.17452749267581968
CC_F558EBDCDD6D,0.16313103940385287
CC_F56D569AC51F,0.09086527496875679
CC_F5714D180EE1,0.11252021963409639
CC_F576ED9554AD,0.3686607703168474
CC_F57C2559358E,0.196751523721595
CC_F5AA72FC0972,0.10110911355362745
CC_F5AE7DEA2B48,0.07628887893525475
CC_F5C6A5E9D495,0.15628232871311706
CC_F5E0731F2181,0.24174379319095562
CC_F5F4F3B03FE8,0.800251688562375
CC_F604D7B9CBD9,0.18459217738854727
CC_F60F13391D61,0.18273487729876023
CC_F618D72DF162,0.07429596130052954
CC_F620B15ACC5D,0.07407676128411991
CC_F62D426D6614,0.13546797081819956
CC_F634999D5C1D,0.024585120628485495
CC_F636E5BAEE47,0.1713701377307536
CC_F6461B692240,0.744840928571016
CC_F65BAD63AED0,0.16833927003245885
CC_F65DD2AC57E8,0.25440564823733547
CC_F66C6577674C,0.052561184807132774
CC_F670896FE959,0.19201758132245278
CC_F67376F272EA,0.7236420619499443
CC_F67FFE9E884E,0.2754198280118159
CC_F683C99F06C1,0.1447129610437432
CC_F68523E2CE7A,0.767211678130694
CC_F68E62F9AA0F,0.03041505804876255
CC_F69604E05962,0.07557168082303588
CC_F6B8913740B3,0.10463170563418062
CC_F6BB4952DD35,0.30081325385311697
CC_F6C0B7AC57B5,0.6427254075674942
CC_F6D2B06E6E8B,0.645840633269767
CC_F6EB30A84C9F,0.2571042001548257
CC_F70345A4792A,0.10862121750903012
CC_F7068C1F77B3,0.3009501430290391
CC_F70B0EA8C0E7,0.057021706027357455
CC_F71CC97FCE83,0.0889783915896572
CC_F722224A84F4,0.704732065178266
CC_F72D1046063A,0.25758105007307774
CC_F72DAB32A281,0.05740479763368998
CC_F733AA5C0ED9,0.06863514556238484
CC_F74043C1BBEB,0.056028897806093034
CC_F74A31E36137,0.05673669406528084
CC_F756B167634F,0.18541550532741036
CC_F75CBE8E1B92,0.46834655187364993
CC_F761F7EEAD39,0.1374092505120228
CC_F79303D62FCD,0.07120896942374162
CC_F795134B52E6,0.6324387002584051
CC_F79533E83ECA,0.09104644196280567
CC_F79F9A7ED432,0.789197678852076
CC_F7B2FC73E020,0.043224102199583114
CC_F7CF24594B20,0.08240470283438125
CC_F7D31937AA89,0.04695392342431081
CC_F7EFD378035D,0.369410208155308
CC_F8014B1E00D6,0.0467305666265329
CC_F80ADE95A7C8,0.05943712469587726
CC_F82E58E476A9,0.1091683132500382
CC_F82EB123CC19,0.224056638496912
CC_F83088660331,0.09073936974885578
CC_F83C6DF6A815,0.5030524095379829
CC_F8620C4F7581,0.16676859054357168
CC_F869F4DA5077,0.8297133954890508
CC_F86B1C53EAF4,0.20893824982908937
CC_F87B7F26FF51,0.24305058190147616
CC_F8803D1C899B,0.06063193381206509
CC_F892E51AC9DD,0.04161000691637107
CC_F89C185743F0,0.12446947065913141
CC_F8A4D45C3769,0.08656296225955473
CC_F8AD68EA5A16,0.24235104828547815
CC_F8B4DBD0CE8A,0.34823176966885017
CC_F8F3E551F166,0.24484058137531034
CC_F8F9FE2C9B65,0.281389976686492
CC_F912A50D0DD1,0.15552711887279863
CC_F91B7C2B1AFD,0.0976865560082466
CC_F925251D4BF0,0.3954819365455492
CC_F925ADD60E7B,0.04784289293221016
CC_F9282C144479,0.06349289664161681
CC_F92EE3287CC8,0.08258373148660403
CC_F93332608FE1,0.15670485580440247
CC_F94070DE3B81,0.05764689428176747
CC_F94C81428D20,0.18372638725032847
CC_F95DFFDA9B12,0.3654215677659243
CC_F96A53B02447,0.5467348765647173
CC_F96A965CDCB0,0.6042689573088992
CC_F9721FEDBE9E,0.17845971990381948
CC_F97C3E145882,0.26237926954166346
CC_F97C64C64052,0.07460680657277519
CC_F98660A07E6A,0.8130236715978794
CC_F98BA4B13724,0.06039502911767619
CC_F9A3F3A76B1A,0.1336415140335277
CC_F9A8E2B3A703,0.13194259330247504
CC_F9B3E7E7F2A9,0.4203408726523382
CC_F9D7D0B1E4A8,0.6611896794265875
CC_F9EDA4EDDD44,0.05037885845112232
CC_F9F2176B12FE,0.051216489173522464
CC_F9F90E76CA5B,0.12247853677761496
CC_FA0157249C01,0.1209072482931845
CC_FA169BCA835F,0.08452380488263583
CC_FA19B61BCABB,0.12306578283294475
CC_FA1DD203C293,0.26338031528487954
CC_FA2E30269BC1,0.18504580800446158
CC_FA304CE8E045,0.2200851353803435
CC_FA310759A257,0.6272885863149018
CC_FA32397E7B8C,0.09478709319981704
CC_FA33D97B84D4,0.10442542527619468
CC_FA38991B9434,0.02955251996141859
CC_FA4079FFF1E5,0.18323099759520436
CC_FA716665CD8F,0.08175881802440588
CC_FA770268B207,0.17484267384804578
CC_FA7A2F59245B,0.4676368129681625
CC_FA8205104EBF,0.10115381091513556
CC_FA8370AF8740,0.05042718606327889
CC_FA858F1025FF,0.11933259709655081
CC_FA86320CF6B0,0.05151918878930122
CC_FA8B341CD3EA,0.20527637956570388
CC_FA9057AAF95B,0.10642075349920835
CC_FA97314C666C,0.04628924191890974
CC_FA974C1D91AD,0.35557992485175527
CC_FAA0E5BC9F44,0.7319079382627809
CC_FAA2694D8578,0.26474702000308614
CC_FAAFFC74BC35,0.7070324062900322
CC_FABA6DCF8E45,0.027735688259952464
CC_FABC53294AC1,0.19433399566628495
CC_FAC52B8E66DA,0.1065472975237218
CC_FAD284D8DAC8,0.9032149537961931
CC_FAE70CA5999C,0.09513049808677218
CC_FAF1CCB40132,0.0804027187429144
CC_FAF93D8B3B59,0.0568928571239354
CC_FB09E5481B64,0.12007709239983744
CC_FB150A1F7C3B,0.11828824790032309
CC_FB1808471515,0.3669865887526593
CC_FB296D823CF6,0.06350385435528362
CC_FB301E1FA7FF,0.03860679603585199
CC_FB33C958A19E,0.39875343046102585
CC_FB40D63FC3D3,0.17140352300200906
CC_FB45A1837AD7,0.09034874018626379
CC_FB45B79CED15,0.10673073604069619
CC_FB52260232E3,0.05160827183879263
CC_FB6A0A7B8813,0.24822494640777143
CC_FB6ED10D82D2,0.11633880648311001
CC_FB78DE84AF05,0.03280757104682891
CC_FB8DF8F93E7F,0.17347231139729186
CC_FB8F89048B89,0.07280012755193874
CC_FB9C3E77A49E,0.12087017639306516
CC_FBA40CEAEA18,0.09930722204893283
CC_FBA998938FE5,0.16196926416056068
CC_FBADBAFCD1B3,0.28843369754474546
CC_FBCB85E21ADD,0.14664518869736357
CC_FBCD00EE4402,0.16202401986147874
CC_FBD40DFBA5D5,0.26321501033347927
CC_FBDECF3DACAE,0.2334509375114615
CC_FBE4E2F652EB,0.2381733986918968
CC_FBEA9510C687,0.2649957889777842
CC_FBED1E2E1CC0,0.12706997481956558
CC_FBF54E48EB13,0.06060874835465112
CC_FC1E279EF320,0.04690184460912507
CC_FC2E1D460089,0.09893194196318776
CC_FC31CBD20CDF,0.15445150530276947
CC_FC41D8134A1C,0.08275745295019277
CC_FC44D7EF257E,0.04594769835383264
CC_FC4A649BDD07,0.21172717079348213
CC_FC51BCDBB6B2,0.13187267988005813
CC_FC57B6E79AAC,0.20049113770694668
CC_FC6AA879D9CF,0.10611479803589347
CC_FC7A926F3A64,0.689754096112076
CC_FC83CB9C71CD,0.03914282358869199
CC_FC9E6D511294,0.13984734204028726
CC_FCA657E69930,0.37449290898558774
CC_FCB451237214,0.8194255049768375
CC_FCC7E51DF812,0.46622658259166927
CC_FCD42ECC012B,0.05301777842779315
CC_FCE8FAEAAEF1,0.12104614417150072
CC_FCFAE9BE2522,0.39200138465102174
CC_FCFDB5DFE5D4,0.09797281440490421
CC_FD24FC7961A5,0.10205970563275027
CC_FD2793DCB5EF,0.11012998390579709
CC_FD2EEF724088,0.12150010988566153
CC_FD3205367675,0.09297364007337203
CC_FD3A21CDCA7C,0.09432274367977274
CC_FD3C4C2FB68C,0.1662093093579099
CC_FD41687DC1A0,0.13881996933649995
CC_FD44B4E31EFE,0.08881725875045485
CC_FD5721556AB7,0.07504787022337249
CC_FD643C174587,0.3317210473395613
CC_FD6BFA30DD9E,0.22129848583846395
CC_FD7C9DD7F11B,0.1297850549250386
CC_FD7F2D90CF8C,0.05777733020821417
CC_FD8C4F601909,0.05849768181629124
CC_FD90B45AA24E,0.08523524419019163
CC_FD95457772AB,0.061692484314627274
CC_FD9D9B58DB1A,0.19982087956331346
CC_FDA918AEB5D6,0.6131219174882196
CC_FDD4C2065540,0.3577972528893223
CC_FDE57A2C5156,0.2085470981054096
CC_FDE9920975F6,0.20537340969153167
CC_FDEC856F9C6D,0.052496321214126354
CC_FDEED2AA92A3,0.43867868725351844
CC_FDF5607ECC1B,0.06406989786115985
CC_FDFED3D7E70E,0.15362487522946025
CC_FE0324F99784,0.09976260038642401
CC_FE0A18D6570D,0.04939802119085961
CC_FE0DACAC84BC,0.22860177012839586
CC_FE16586C9FAB,0.2695227243641023
CC_FE16FBC86237,0.15216534323935843
CC_FE1C808C4515,0.059842386222664495
CC_FE1E64201B9F,0.12731574423094327
CC_FE33D60E29EB,0.032753207716464075
CC_FE3ACE674BEA,0.13994883411117864
CC_FE468E9AA9D9,0.030035245549168917
CC_FE5AA923C220,0.15058327881678008
CC_FE6C777DDC19,0.06308093275633414
CC_FE6DD8C8EC90,0.22732376485112446
CC_FE7A84AAA8F7,0.12166712587022277
CC_FE7DB6B410A4,0.14416948624490133
CC_FE8691B1F3D9,0.08099171299115215
CC_FE874279A94B,0.09569980451104343
CC_FEA61499305D,0.1925787495164505
CC_FEC22B334AC5,0.1320465542654489
CC_FF045F9508F2,0.184197191357987
CC_FF0EFF711598,0.2531839909855037
CC_FF12F53D5676,0.041873694564882796
CC_FF13D426EC1C,0.1776653100832153
CC_FF16A7C8600F,0.21675455173896932
CC_FF2236DC115C,0.41637479750076234
CC_FF2725428B6F,0.06970238092472143
CC_FF3176D91690,0.12174795460426022
CC_FF393D295D66,0.05462416964293271
CC_FF4598202C5F,0.6372944833687606
CC_FF463A4B3D04,0.26465231709528486
CC_FF4703F7664E,0.05412355041239072
CC_FF86EC3C0851,0.4521453342256207
CC_FF8A580DD831,0.11914424503217999
CC_FF8BD8697ADE,0.13390720193501837
CC_FFA681A2054A,0.046195222905501224
CC_FFB6B2D2BB2A,0.34212940327004604
CC_FFBFA27643F8,0.13065436269939462
CC_FFC81CC80F9D,0.13873962140267382
CC_FFCC9C0763D4,0.1020162469522272
CC_FFD4E33DC920,0.5306053358956864
CC_FFDE11143038,0.0720694465190596
CC_FFEF28047C4F,0.3387528679051539
